"Word","Weight"
"-air",0.00572193305780978
"-capacity",0.0106968509639281
"-fly",-0.00660902204907843
"-profit",0.00762119376491224
"-risk",-0.0158818070765591
"-span",-0.00975380300150249
"-speed",-0.00459705978595606
"-staff",-0.00804586478233621
"-studio",-0.0198842781772588
"-term",0.011100695167216
"...",-0.000528491532670989
"’ll",0.00799498304016
"’re",-0.00198808773553127
"’ve",-0.00238803507820875
"(-ia)",-0.0144438191991369
"(cont)",-0.0129466601764153
"(pic)",0.0205885439181347
"(via",0.00654121321470139
"@adndotcom",-0.00311611043452859
"@alfranken",-0.00114369080915621
"@amtrak",-0.00684254704363447
"@barackobama",-0.00908182961665437
"@billhemmer",-0.00572125657569425
"@bloombergtv",0.00694093082847258
"@bobschieffer",-0.00083722567013738
"@catoinstitute:",0.00714199765565591
"@ch2ktuu",0.00823612655328314
"@chriscoons",-0.00558235184330056
"@chuckschumer",-0.00854374553773147
"@chucktodd",-0.0106195525160721
"@clairecmc",0.00386171898923736
"@cnbc",-0.000561866068416144
"@cnbc'",0.00475508293393743
"@cnn",-0.00461096234729754
"@cnnsotu",0.00600504807755217
"@cspan",-0.00677637932544789
"@cutcapbalance",-0.00107339472045839
"@dailyrundown",0.00343427010796505
"@deptofdefense",0.00166057293297755
"@dylanratigan",-0.00349816393904665
"@edshow",-0.00564140718350071
"@enr_gop",-0.00498809541984023
"@facethenation",0.00314435294599894
"@foxandfriends",-0.0130551981098769
"@foxbusiness",0.00461625953664675
"@foxnews",0.00950466516783877
"@grahamblog",0.0069036132681417
"@gretawire",0.0101556512866126
"@happeningnow",0.000484554253803932
"@hardball",0.00614671248096464
"@heritage",-0.00528079638236159
"@huffingtonpost",0.014623722397392
"@jerrymoran",-0.014119286581627
"@jimdemint",0.00927373943365745
"@joelieberman",-0.00148776977704592
"@joelieberman,",0.0100476271451867
"@joenbc",-0.00182334422003479
"@johncarneyde",-0.00680923962039333
"@johncornyn",-0.00387579345731413
"@kaybaileyhutch",0.0297035240160342
"@larry_kudlow",0.0126383639444113
"@lawrence",0.0140564212795579
"@lisamurkowski",-0.0137941080528175
"@maddow",-0.00732315999233195
"@marcorubio",-0.0147434967115692
"@markreardonkmox",0.0150113419608231
"@markudall",0.0050206218146493
"@markwarner",-0.0104291562264469
"@meetthepress",-0.00770027656090544
"@mitchellreports",-0.0171758251287524
"@msnbc",0.00691135831654813
"@nasa",-0.0101775419490736
"@nytimes",-0.0128234702754667
"@orrinhatch",-0.0199097052802955
"@politico",0.00467316691969544
"@raylahood",0.0090377848373077
"@reppaulryan",-0.00611784868709502
"@rickklein",-0.015222342429933
"@robportman",0.00764160063243419
"@ronwyden",0.0122722736987466
"@royblunt",0.000724000224544764
"@roybluntpress:",0.0146608540513736
"@seanhannity",0.0102787041619791
"@senate_gops",0.00940551982009696
"@senate_gops:",0.00558687225105251
"@senatorakaka",0.00964168848387337
"@senatorayotte",-0.0143860405843549
"@senatorbarb",0.0347944463069526
"@senatorbegich",-0.00819098722238692
"@senatorboxer",-0.0108244581943508
"@senatorcardin",-0.0092473797609047
"@senatorcarper",-0.0158793320691751
"@senatorcollins",-0.00652423695932984
"@senatordurbin",0.00506106998065574
"@senatorkirk",-0.0162469165994667
"@senatorlugar",-0.0159493603627616
"@senatormenendez",0.00946343941297907
"@senatorreid",-0.0192576415332918
"@senatorsanders",-0.00834070402098341
"@senatorsessions",-0.0113501502109411
"@senbennetco",-0.00716653713195357
"@senblumenthal",-0.00192505531878655
"@sengillibrand",-0.00935796021612037
"@senjeffmerkley",-0.0136885653994381
"@senjohnbarrasso",-0.0172593925405428
"@senjohnmccain",0.0105220271696009
"@senjonkyl",0.00532228944815064
"@senmikelee",0.00312930744507013
"@senrandpaul",0.00556623108906357
"@senronjohnson",0.0184025227362434
"@sentoomey",0.00662363333210915
"@speakerboehner",0.00188252421130306
"@theearlyshow",-0.0335098483344278
"@thehill",0.000444194137023043
"@thekudlowreport",0.00556421916699092
"@thereval",0.00461569142947482
"@thom_hartmann",-0.00323382422933982
"@todayshow",-0.00666512238861714
"@tomcoburn",0.0015283996605252
"@usarmy",-0.00282716042876885
"@usda",-0.0125980664451544
"@usedgov",-0.0088773417855771
"@ussoccer_wnt",-0.00733820376614446
"@washingtonpost",-0.00712937661648926
"@wegoted",-0.00169288232556949
"@whitehouse",-0.00740075065878705
"@wolfblitzercnn",-0.026424598520868
"@wowofortwayne",0.00151313227157611
"@wsj",0.00924906396710538
"/via",0.0125039902315899
"#2011budget",0.00711478912515381
"#99countytour",-0.0237398788355564
"#afghanistan",0.0241278566663619
"#afghanistan.",-0.00434456552424099
"#ak",-0.0161455523240838
"#alaska",0.00552389744752631
"#askobama",-0.00852976571740404
"#bba",0.0176672859079229
"#bbamdt",0.00935568438215699
"#bbth",0.0094187022670724
"#bigoil",0.0096587727916527
"#boeing",-0.0120634368620726
"#btv",0.00505171994752534
"#budget",-0.0058632927957652
"#capact",-0.013355755076707
"#chs",0.00615171315591171
"#clt",0.00452376634842124
"#cnn",-0.0059912769692094
"#compromise",-0.000382643583282547
"#congress",-0.0138482872578092
"#cutcapbalance",0.0110934188222524
"#cutcapbalance.",0.0112827601561458
"#dadt",0.0027319443470382
"#dailycut",-0.0157992554153692
"#dailycut:",-0.00125684414782453
"#de",-0.00315152029039693
"#debt",-0.0105607589097051
"#debt.",0.00454263193048223
"#debtceiling",0.00790900548759906
"#debtceiling:",-0.0258609127365536
"#debtlimit",-0.0078281526783783
"#default",0.000329131011094535
"#deficit",-0.00777368888110148
"#doma",-0.0143359759310526
"#dontendmedicare",-0.0155247911520254
"#dreamact",-0.0116026515034192
"#dreamact.",-0.0471011890154525
"#dreamers",-0.0204996682824353
"#dreamhearing",-0.0131326091979191
"#dreamhearing:",-0.0295337179457149
"#education",-0.0254156034141795
"#egypt",-0.00525682602002343
"#energy",-0.0106221700724403
"#epa",0.000707635045129358
"#epilive",-0.00200435034575086
"#ethanol",-0.0225242723154912
"#ff",0.00664159146803893
"#filibuster",-0.0165070910732408
"#flood",-0.0135739589965782
"#flooding",0.0143042911457361
"#followfriday",0.00473435543055413
"#gangofsix",0.0151436004377322
"#gasprices",-0.0137715966478994
"#gop",0.0124730924961191
"#gopbudget",0.00960974084223698
"#hcr",-0.00672230590128634
"#healthcare",-0.0040553692967958
"#hsr",0.00206806414311154
"#iditarod",-0.0142443654059949
"#illinois",-0.000764769115947426
"#indiana",-0.0177656442191812
"#insen",0.00461780542099229
"#isintendedtobeafactualstatement",0.00698031698938244
"#itsnotagame.",-0.0159090067211882
"#job",-0.00787101129387951
"#jobs",0.00230708111960722
"#jobs.",-0.0129024420861225
"#joplin",-0.013405527101101
"#ky",0.0160784047071998
"#latcot",0.0381891259048421
"#lgbt",0.0205041953760967
"#libya",-0.0122181342051644
"#libya.",0.0174610239883903
"#listeningtour",0.00367222515982053
"#livetweet",0.0142679790072874
"#louisiana",-0.029843733611679
"#lugar",0.0185695362557652
"#maidenspeech",0.0104049548939594
"#marchmadness",0.0139716333926977
"#marriageequality",-0.00469370508129829
"#medicare",-0.0197137874061137
"#mepolitics",-0.012082469011135
"#nasa",0.00380521731366382
"#ncaa",0.00768865182040208
"#ncgop",-0.00647848010116199
"#ncsen",0.013488202913832
"#netde",0.0271216441209174
"#nh",-0.0283355396353422
"#nj",0.0139471875540347
"#nlrb",-0.0232902249898491
"#nm",0.00605288650085456
"#nmfire",-0.0237673146415978
"#nola",-0.0214524784625671
"#notime2waste",0.0145550076045613
"#nuclear",-0.0137499756328331
"#nvleg",-0.00740208324111549
"#ny",-0.00819570020269918
"#nyc",-0.029461973273407
"#obama",-0.0148432961372676
"#obamacare",0.00462770524335177
"#obamacare.",0.0230200400078241
"#obl",0.0137260111222449
"#ohio",-0.0133574107114299
"#oil",-0.00867407178518814
"#p2",0.00129927520977613
"#passthebba",-0.0107617933566079
"#patentreform",0.00372467492987891
"#playbookbreakfast",-0.0208335955999907
"#pollutedpolitics",-0.0188234933171655
"#potus",-0.00743264983095707
"#r2v",0.0193285798737804
"#realconsequences",0.00638468808259301
"#repealdoma",-0.0188048750967993
"#scgop",-0.0125335941863377
"#scpol",-0.000615380123893353
"#scports",0.0260668960200065
"#sctweets",-0.000361570864740444
"#senate",0.00976230411513718
"#seniors",-0.0041484535220115
"#sharedsacrifice",-0.00739168188582313
"#shutdown",-0.0260406571611883
"#shutdown.",-0.0103039243278382
"#smallbiz",-0.0103003082857356
"#socialsecurity",-0.00480209948804365
"#sotu",-0.00110941398179745
"#sotu.",-0.00799447897416767
"#spending",0.00049395534349002
"#start",0.00689467038920303
"#sts135",0.00890941574280685
"#tastevt",0.00479479788765597
"#tcot",-0.0198842226898232
"#time4compromise",0.0458457765015
"#toomey",-0.00961108885273712
"#topline",0.0165439584610978
"#uswnt",-0.00362163051506858
"#utpol",0.00186673684682119
"#veterans",0.057490727932928
"#vets",-0.0116715864368345
"#vt",-0.00512370059753981
"#wethepeople",-0.0526466316854195
"#wisconsin",0.0233612899490728
"#yttownhall",0.0149143474534869
"$10",-0.00560594652838427
"$4b",-0.00848992324577104
"1,000",-0.00880554935353248
"1:30",-0.00850340508534318
"10:30",-0.0123977618317829
"100",0.0040702208286203
"100%",-0.000834313221749116
"100th",-0.000784259771462338
"1099",0.0026343462036525
"10am",0.00499648782974605
"10th",-0.00224537081090957
"112th",0.00162930601685736
"11am",0.00395991940610411
"12:30",-0.00978333894657013
"1pm",0.00568833545746451
"1st",-0.00643226016177331
"2:30",-0.00804324174584448
"2010",-0.00590967763612505
"2011",-0.000597892059759817
"2011.",0.00225251891533563
"2012",0.00193531318613365
"21st",-0.00303837335283631
"2day",-0.0110714331106874
"2day.",-0.00510706290796426
"2nd",-0.00652990983697548
"2pm",0.0134052209501144
"3rd",0.00353454395955526
"4:30",0.0150335151505556
"4pm",0.00894485457466014
"4th",0.00663676164764976
"500",0.00369354970079618
"5pm",-0.00744950832636978
"5th",0.00807246048451014
"6:30",0.00209969524612974
"6pm",-0.00272756470825774
"7:30",-0.0026019886627481
"7pm",0.00136951404058323
"8:30",0.0045008228515927
"9:10",0.0043040105490238
"9:30",0.00742285398810739
"9/11",0.00465626573016679
"9am",-0.0154749645339079
"abandon",-0.00407314811454892
"abc",-0.012155509360047
"abc'",-0.000925625407273208
"ability",0.00736818922896521
"able",-0.000676555819636568
"absolutely",0.00224502655626579
"abt",0.00395124821264997
"abuse",0.0134097127329932
"academy",0.00838849267295441
"accepted",-0.00332018941815459
"access",-0.000608807597298136
"according",-0.0128576262595485
"accountability",0.00912678817101836
"achieve",0.00480707742717145
"act",-0.00277972275179842
"act,",-0.00275213569877374
"act:",-0.00514280962503883
"act.",0.00268540635258025
"action",-0.00542348483452477
"actions",-4.9763479796691e-05
"active",0.00308240729129093
"actually",-0.00196290085368113
"add",0.00295135333440716
"added",-0.00221241108651493
"adding",0.00255069328829196
"additional",-0.00328663761993548
"address",0.00356012026020556
"addressed",0.00760797078453138
"addresses",0.00416359793188656
"addressing",-0.000430473108311378
"adds",0.00173678047992465
"admin",-0.00752408362411028
"admin.",0.00906000910732631
"administration",0.00486432304272811
"administration'",0.00541146092576377
"administration’",0.000149947985622412
"administrator",0.00674238924993044
"advance",-0.00399893383583693
"advanced",-0.00606618234098071
"advantage",-0.00298629801619986
"advice",-0.00401533110568383
"advocacy",0.00566895522239717
"advocate",-0.00494564905869144
"affairs",-0.00590205828869217
"affected",-0.0015224325895526
"afford",-0.00502670024129617
"affordable",0.00638839172218686
"afghan",-0.0134144151403384
"afghanistan",-0.00192571692116689
"afghanistan,",-0.00493734055568748
"afghanistan.",-0.00494035314055769
"afternoon",-0.00598144439784003
"afternoon,",0.00486185413184897
"afternoon.",-0.00776695621837507
"aftr",-0.00119900474705933
"age",0.0081190578854433
"agencies",-0.00493498152964691
"agency",7.15670239389076e-05
"agenda",0.00598467995361269
"ago",0.000280904371540674
"ago,",0.00287206872158717
"ago.",0.00372244837752782
"agree",0.00198540438852318
"agreed",-0.00390886233537894
"agreement",-0.0119992282377918
"agrees",0.00178377834601731
"agriculture",0.00164975944318107
"ahead",-0.00230104805228086
"aid",-0.0051671133397086
"air",-0.00698160104887341
"airport",-0.00994913554852818
"alabama",-0.00613443339152523
"alaska",0.00563538517782175
"alaska'",-0.010803782905954
"alaskan",-0.0116288431315111
"alaskans",0.00576835028466504
"albany",-0.00240057345271885
"album",-0.0121096896168222
"alert",0.0110201892186484
"alert:",0.00250879996802985
"alexander",0.0105815524536488
"allow",0.0185919786701936
"allowing",0.000841240548370268
"alternative",0.00296384833101982
"amazing",0.00929500700249966
"ambassador",0.000118150564610271
"amdt",-0.0110561192003689
"amendment",0.00571910077374343
"amendment.",0.0217465364779129
"amendments",0.00672900485887867
"america",0.000238112353575218
"america.",-0.00300502237500623
"america'",-0.00403732410484186
"america’",0.00715826167655429
"american",0.00901654335872748
"americans",0.00117422074962289
"americans.",0.00211683205130681
"amnesty",0.00988747395702256
"analysis",0.00913388590304342
"anchorage",0.00467065358140691
"anchorage.",-0.0113449155619506
"andrea",-0.0098652928166507
"andrew",0.00227788133354709
"anniv",0.00351637070455422
"anniversary",-0.010348943536681
"announce",-0.0045415786854169
"announced",-0.00302982531338691
"announcement",-0.00332274318395143
"announces",-0.00466055841115534
"announcing",-0.0103176067804397
"annual",-0.00608534828934158
"answer",-0.00116601587183786
"answered",0.00385344157653252
"answering",0.0096538323155498
"answers",-0.0050350410014889
"appear",0.000853275485075987
"appearance",0.00277930487758352
"appeared",-0.0017478269405249
"applaud",0.0131164210620451
"applauds",0.0110544440218273
"apply",-0.00242243514057858
"appreciate",-0.00836846488927089
"appreciation",0.0158019570235035
"approach",-0.000421979833374136
"appropriations",-0.00673466385006439
"approps",-0.00464628660965552
"approval",-0.0167029096275847
"approve",-0.00656450452200192
"approved",0.00756825356564484
"approves",-0.00979694739602125
"approx",-0.00310489021761044
"approx.",0.00776148116938135
"approximately",0.00353185250973616
"april",-0.000584760761568908
"arctic",-0.00512929591797621
"arizona",-0.00293573313561962
"arkansas",0.00473017177632326
"arlington",0.0064167138520143
"armed",-0.00504906835282636
"army",0.00911419757801744
"arrived",-0.00211693482612886
"article",-0.000643546520485671
"asian",0.00982512259958179
"askchuck",-0.00354788744856927
"assault",0.0144646536300465
"assist",0.000580711838625175
"assistance",-0.00186366014601066
"association",-0.0078503282458292
"attack",0.000280010163939025
"attacks",-0.00521701550505372
"attend",-0.00446347642476461
"attended",0.00305703911487318
"attending",-0.00141596327012867
"audit",-0.0021766493480711
"august",0.00298759296931189
"authority",0.00229887012650216
"auto",0.00245578595171352
"available",0.000230463031485943
"average",-0.00265842662851547
"avert",-0.0013376348000993
"aviation",-0.000899729350365873
"avoid",0.00566480437696834
"award",-0.00760100577889434
"awarded",0.00303149910988737
"awards",0.0023110991122241
"awareness",0.0101595524448573
"ayotte",-0.000839489136074171
"bad",0.015136081274135
"bailout",-0.005659356083063
"balance",0.00301116112828122
"balanced",0.0207163698143502
"balancing",0.0119962590335436
"baltimore",0.0167962151322376
"ban",-0.0164703087736307
"bank",-0.0035850474517339
"banking",0.00179347888371932
"banks",-0.00389369422863599
"base",0.002596657692749
"baseball",-0.00995776749360846
"based",0.000874917204619895
"basketball",-0.000863673475436539
"battle",0.0031285902538982
"bay",0.00997038029889698
"bba",0.00223454006655013
"beat",0.00896448941170126
"beautiful",-0.011024572857681
"becoming",0.00359601170349808
"begin",-0.00825728648250431
"beginning",-0.0064837070158157
"begins",-0.000111604659555159
"behalf",-0.00253610403294741
"believe",-0.00598213657364797
"ben",0.00304250354846237
"benefit",-0.0100692089719747
"benefits",-0.00232185862920146
"benefits.",-0.017665221432467
"bernanke",0.0016671498911018
"bernie",0.00543108666116954
"bernie'",-0.0321265240578134
"bernie’",-0.0148646921574385
"beyond",-0.00649891805123032
"biden",-0.00130850882490747
"biggest",-0.00949130880668565
"bill",0.00351479018761982
"bill,",0.00702761933716265
"bill:",-0.0062773918645572
"bill.",0.00122878806873631
"billion",-0.00440977063575777
"billionaires",0.00753151205852783
"billions",-0.00257671165373591
"bills",0.00247989741123475
"bin",-0.00197314959064649
"bipartisan",0.00360329217185923
"birthday",-0.0254567566451727
"biz",0.00965433657487167
"biz,",-0.0109752133266293
"block",-0.000279589363460218
"blocked",0.00880541117693064
"blocking",-0.00857641766557161
"blog",-0.00800682899469314
"blog:",-0.0024649880001562
"bloomberg",0.0392520629597095
"blue",-0.00302236294024507
"board",-0.00433922038381516
"bob",0.00245116584969613
"boehner",-0.00347359134153258
"boehner'",0.00321094561460985
"boeing",-0.00253532661740745
"bold",0.00301175128318185
"bolden",-0.00608185745222358
"boost",0.000753637554674296
"booth",-0.0110888052128358
"border",-0.0038853199309092
"borrowing",0.00927888845605144
"boston",0.00803859300795862
"bottom",-0.000725465912728643
"bowl",-0.00128898818780593
"box",-0.00363340156361177
"branch",0.00951880734620664
"brave",0.00653742433149744
"break",0.00346330466401706
"breakfast",-0.0134033244585011
"breaking",0.00487294751123949
"breaks",0.00337280944729736
"breast",-0.012973757465309
"brian",0.013387115026526
"bridge",0.00958354607040582
"briefing",0.00474001777524497
"bright",0.000585359791639162
"bring",-0.00207323922636166
"bringing",-0.00216349381253905
"broken",-0.0128738293955919
"brought",-0.00214690978185226
"brown",-0.0145552086338557
"brown:",-0.0291018604036123
"brown'",-0.00991427016941549
"budget",-0.00622654636384882
"budget,",0.00992265729798713
"budget:",0.00780114396282661
"budget.",-0.000381027763492113
"build",0.00413490906609515
"building",-0.00150678614691402
"built",-0.00612455869462181
"burden",-0.0012443653103222
"burdensome",-0.00257681125531476
"bureau",0.00442953734786175
"burr",-0.0015066106413227
"burr:",0.0149331134368929
"bus",0.00850097687027001
"bush",-0.0115328484679379
"business",0.00863471350847108
"business.",0.00086705829367927
"businesses",0.00254013742022127
"businesses.",-0.00425315693228
"busy",0.00280449724767489
"butler",0.00313674670309542
"buy",0.0110787900409032
"cairo",-0.00017319830828943
"call",-0.00671016581494284
"call.",-0.00380098295672755
"called",-0.00297364242092081
"calling",-0.000597629577844583
"calls",0.000280569774688627
"camp",-0.000537417766206106
"campaign",0.00189005043068446
"campus",0.00810914720521566
"cancer",0.00302002578698131
"cant",-0.00433585087976309
"cap",-0.000633977211401321
"cap,",0.00473306068683396
"capital",0.00210527441106098
"capitol",-0.0026042141989122
"capitol.",-0.00464198725410962
"card",-0.00234530792807856
"cardin",-0.00608821180079932
"cardin:",-0.0355067065526106
"cards",-0.0288367959339283
"care",-0.00290796260632883
"care.",0.01003792709769
"carolina",-0.00115575161489174
"carolinians",0.00708453904636704
"carp",-0.00124777493751756
"carper",-0.0120350397841017
"catch",-0.00174156383504749
"caucus",-0.000638422832579463
"cause",-0.000450456102159787
"caused",-0.00893812269614702
"cavuto",0.00345041530027609
"cbo",0.00884016107554823
"cbs",0.0126096956263868
"ceiling",0.00716850799420811
"ceiling,",0.0119038340143401
"ceiling.",-0.00276050624092714
"celebrate",0.000862175791301265
"celebrating",-0.00482130415767831
"celebration",-0.00254928767894126
"cell",-0.00442891262572887
"cemetery",-0.00701930395439017
"center",0.0020414764427053
"center.",-0.00753349862830501
"centers",-0.00138398630414843
"central",-0.0054136668749689
"century",-0.00468888456908848
"ceo",0.000744631127343668
"ceremony",-0.0131801551135486
"chair",0.00549353979200451
"chairing",-0.00745558853074942
"chairman",-0.0189939941494662
"challenge",-0.00213718919117816
"challenges",0.0024409240680289
"chamber",0.00168302563482286
"chambers",0.00442006161897314
"chambliss",-0.000869860042243108
"champion",0.000504752204887246
"championship",-0.00096099518910324
"chance",0.0100211461954132
"change",0.00445416656674256
"changes",0.00522630589869057
"channel",0.00532759945590879
"charleston",-0.00292601023637016
"chat",0.00182838969715357
"check",-0.00475553413075615
"checks",0.00674924095765875
"cheering",0.0013526301048106
"chief",-0.00694144743684608
"child",0.000977707831575188
"children",-0.00511277436430755
"children'",-0.00969291823248829
"china",-0.00644013243550216
"chinese",-0.00889929605638311
"choice",-0.00281897087596379
"choices",0.00250894346457042
"choose",0.00424065378911256
"chris",-0.00986384230336153
"christmas",0.00109892622755477
"chuck",0.0102039092107048
"church",-0.0338619072292773
"citizen",0.00349625169616913
"citizens",-0.00744488826561048
"city",0.000968573883320284
"civil",-0.00326203052907855
"civilian",-0.0118073539913722
"claims",0.00902441358267234
"class",-0.00605065014856063
"clean",-0.0129167278382501
"cleveland",-0.0193195973378113
"click",0.00173985262834206
"climate",0.0104138630322386
"clinic",-0.0183020951016041
"clinton",-0.00594513791720784
"clip",0.00563783651890983
"close",-0.015454738639181
"closer",-0.00526809243873463
"closing",-0.00556935948732356
"club",-0.00777116033280423
"cmte",0.000636465224946342
"cnbc'",0.000707693252413348
"cnn",0.000185255399395757
"cnn'",0.00602024644165922
"co-sponsor",0.00138212839711433
"co-sponsored",-0.00211285125027618
"co-sponsors",0.00577344494973005
"co.",0.00230764587893557
"coalition",0.00235944511280466
"coast",0.00076611574435567
"coastal",-0.00311844609993143
"coats",-0.00690803712608335
"coburn",0.0141459713345297
"code",0.000567728640398293
"coffee",0.00842714114705363
"colleague",-0.00425682005899252
"colleagues",-0.0188330730896159
"college",0.00373931806403335
"colleges",-0.0087754786699289
"collins",-0.00537059263828088
"collins'",0.00986800403964274
"colloquy",0.00800704566521057
"coloradans",0.0027451673325015
"colorado",-0.00698999944784624
"columbia",-0.00965312076803797
"columbus",0.00343338116802662
"column",0.00550479171536803
"column:",0.0112210078858973
"combat",0.00648331022231031
"comes",-0.00807798554220517
"coming",-0.0055491755421645
"comm.",-0.00410349427588937
"commencement",0.000577009297517609
"commend",-0.00859870943037229
"comments",0.00470850517602151
"commerce",0.00923806327559586
"commission",-0.00230216382928197
"commitment",0.00887891687328756
"committed",-0.00347613561835944
"committee",-0.00141017544437855
"committee.",0.00612808261148499
"common",0.00319844145626237
"communications",0.00942785624737952
"communities",-0.00545393455648798
"communities.",-0.00702785174814841
"community",-0.00185116036321235
"community.",-0.00483539314592605
"companies",0.00179019209162172
"company",-0.0200739785906708
"compete",0.000530305417454783
"competition",0.0082066376040161
"competitive",0.00702000619956749
"complaint",-0.00497175983282456
"comprehensive",0.00379539098560124
"compromise",-0.0107279517613066
"concern",-0.0186740215179174
"concerned",0.00187097030772377
"concerns",0.00214205805254872
"conditions",0.00507783681777595
"conf",0.00170552343344148
"conference",-0.00155423772159664
"conference.",0.00483904089512984
"confirmation",-0.00632798991184873
"confirmed",0.0104800360108562
"confirms",-0.0134283067536276
"confront",-0.00565001215909974
"cong.",0.00731218820158737
"congrats",-0.00432282709516963
"congratulates",0.0013197376461036
"congratulations",-0.00321500109719795
"congress",-0.00202237463385644
"congress,",0.00932446307934777
"congress:",0.00222636639878641
"congress.",0.000511974509709125
"congressional",0.00119290020665834
"connect",0.00173534431844181
"consequences",-0.00411444400010604
"conservation",-0.00583201644688095
"conservative",0.000312553068721942
"consider",0.0221718902203154
"considering",0.00292959574770486
"constituent",-0.00515163253003231
"constituents",-0.0023317018680563
"constitution",0.00106399868646938
"constitutional",0.00290227437431999
"construction",0.00566774111668655
"consumer",-0.0109176132428515
"consumers",-0.000359591296350838
"cont",-0.0148286279805456
"contact",0.00577404651356006
"continue",-0.00335406140605008
"continued",-0.0118462868660047
"continues",-0.00396351590814622
"continuing",-0.00181719439383335
"contract",-0.00559085463090625
"contractors",0.0105124857780331
"contribute",0.000817204708348339
"control",-0.0105777869405732
"control.",0.00523225082721118
"convention",0.0080414092202019
"conversation",0.00316728269453785
"corker",0.00830881794475332
"corker:",0.0457450948331794
"cornyn",0.0137989792321982
"corp",0.00892829056200423
"corporate",0.00300342839720465
"corporations",-0.00850374926613494
"corps",-0.0160709275690483
"corridor",0.00697971167783566
"cos",-0.00681747727841185
"cosponsor",-0.00690669245912207
"cosponsored",0.00476352555101783
"cosponsors",0.00141449559043801
"cost",0.00619967297614779
"costly",0.00253354861048581
"costs",-0.00263544265762865
"costs.",0.00156150516968178
"council",-0.00159389045031928
"counties",-0.00603822041159842
"countries",0.00137396207932054
"country",0.00375984190775252
"country.",0.00313947318232187
"country’",-0.00583049381219942
"county",0.0136268073686451
"county.",0.00773058614875224
"couple",0.00139046518533471
"courage",-0.00253092389262308
"course",0.00316892235852921
"court",0.0058520273954665
"courthouse",-0.00388970666757094
"cover",0.00561534513603514
"coverage",-0.003079839876293
"crack",-0.0074348509938103
"create",-0.00681676335450075
"created",-0.00808915705377206
"creates",-0.00121387658513238
"creating",-0.00683341539666321
"creation",-0.00272456252475488
"creation.",0.00656634030400825
"creators",0.00375624303865138
"credible",0.0078702181277159
"credit",-0.000318847993031274
"credits",0.000960587021626597
"crisis",-0.014879755329064
"crisis,",0.00289531279805301
"crisis:",0.00112681513205395
"crisis.",-0.00399625346462202
"critical",0.0086989308232301
"crowd",0.0021469795006094
"crucial",-0.00326407589953626
"cspan",-0.0113223298533658
"ct.",0.0106228961687737
"ctr",0.00708219377970948
"cup",-0.0118361665970916
"curb",0.00901784820186689
"currency",0.00628326239010754
"current",-0.0068579577649448
"currently",0.00609859110542238
"cut",0.00261455316083922
"cut,",-0.0150714157526519
"cuts",0.00605444358600685
"cuts,",-0.013934908055949
"cuts.",-0.000459426310674516
"cutting",0.00663288249520252
"cyber",-0.004256191899903
"dad",-0.00638232328098087
"daily",-0.00279861668941071
"dakota",-0.000445050145125514
"damage",-0.0171497371567664
"dan",0.00235337202575252
"dangerous",-0.00507426293736768
"dangers",-0.00759096551906114
"daniel",-0.00466919223137795
"data",-0.01376176376847
"date",-0.0072110317622672
"david",0.00357294942045958
"day",0.0017762426677578
"day,",-0.0013971971885387
"day:",0.00176158622739347
"day!",-0.00601588799611842
"day.",-0.00108592652991787
"days",-0.00146390337480181
"days.",0.00849286907221583
"dayton",0.00267188653039144
"dc.",0.00917572282951352
"dead",-0.00592491468973961
"deadline",0.00331124085633111
"deal",-0.00781989102750975
"deal.",-0.00261551510748065
"deals",-0.0141111353789865
"dean",0.000784414806786785
"death",0.0139686434831594
"debate",0.00790029288368324
"debate:",0.00805830794955231
"debate.",0.000199782369147545
"debating",0.00860839122705795
"debit",0.000479881287039014
"debt",0.0108416359470355
"debt,",0.0258307664670443
"debt:",0.0051097906899446
"debt.",0.00750261408171218
"decided",0.0159774684746219
"decision",0.0073237429547225
"decisions",-0.00179399612575536
"declaration",0.00137328241932719
"declared",0.000826344279408392
"dedicated",0.00609858246673356
"dedication",-0.00734713797242172
"deepening",-0.00651286792666018
"deeply",0.00314514160607263
"default",-0.00513435853299868
"default.",-0.0185521397163248
"defend",-0.00815119656507897
"defending",0.00145646893450187
"defense",-0.00286005112835516
"deficit",-0.00778750578529295
"deficit,",-0.00999320736399476
"deficit.",-0.00156116151388476
"deficits",-0.00616920785072277
"defund",0.00204623843483323
"delay",0.000168958431808032
"delays",0.00670801100227007
"delegation",-0.0068165449700845
"deliver",-0.000582366083016652
"delivered",-0.00258927788409939
"delivering",-7.99264683640451e-05
"delivers",0.00135401274430308
"dem",0.00320334359237916
"demand",0.0118904458803274
"demands",0.00978434165962914
"democracy",-0.00372293566756913
"democrat",0.00034521768327791
"democratic",0.0150592347861057
"democrats",-0.00170555650325982
"democrats'",0.0248363232803789
"dems",0.00787241895948129
"dennis",0.0241887967152753
"deny",0.0018423805374067
"department",-0.00296449825559452
"dependence",0.00863909952804091
"dept",-0.00109884949190494
"dept.",0.00782907283708999
"des",0.00301657659660854
"deserve",-0.00451128239679583
"deserved",-0.00921192865068273
"deserves",-0.00189692300562222
"despite",-0.00595214109970041
"details",0.00632258092821478
"devastating",0.00130433233060681
"development",-0.000708521714699698
"device",-0.00320458883141868
"dhs",0.00182250552306632
"dick",-0.00300849078748444
"didn’",-0.00129623188845264
"died",-0.00165544636779762
"difference",-0.00152877542674249
"difficult",-0.00178863625164072
"dinner",-0.00639890489967481
"direction",-0.000503545716333054
"director",0.00459597304536793
"dirty",0.00545060867994527
"disappointed",-0.00520598140443574
"disappointing",-0.00239073153209959
"disaster",0.00742917906290413
"discrimination",0.00382646916387518
"discuss",-0.011347991028062
"discussed",0.0022756679293127
"discusses",-0.00413412156154367
"discussing",-0.000350114449507294
"discussion",0.00253923417158349
"district",0.0104917386012783
"doctors",-0.0032146291353782
"dod",0.00925758112746205
"doesn’",-6.60480027966671e-06
"dog",0.00326628247450772
"doj",0.00175125998927324
"dole",0.0104787912880771
"dollar",0.0058488480003804
"dollars",0.00371708999747941
"domestic",0.00768811736239111
"don’",-0.00425786889040953
"donald",-0.00197410187298351
"donate",-0.00708049322891897
"double",-0.00273573119557104
"downgrade",-0.00842520454178203
"dr.",0.00309567895789282
"dream",0.00671628629620752
"drilling",0.00511837172593379
"drive",0.00414169574197852
"drivers",0.00513933280545156
"driving",-0.00921421760266247
"drop",-0.000860699605648312
"drug",-0.0107090849089139
"drunk",-0.00922879762688361
"duck",-0.0138386239312007
"due",0.00884503378965638
"durbin",-0.000838873717492626
"duty",-0.0190791023567734
"earlier",-0.000541749210686813
"earmark",0.00118718485434749
"earmarks",0.0162964793012662
"earth",0.0109458790612337
"east",-0.00832150097986156
"eastern",-0.00146504732752073
"econ",-0.00897681338625981
"econ.",-0.00536747495081146
"economic",-0.000557847759637497
"economy",-0.0109143630056557
"economy,",0.00061116506650085
"economy.",-0.00142244087565631
"editorial",-0.00407083470548737
"editorial:",-0.00251590072287181
"education",0.013360904917778
"education,",-0.0170078282534789
"education.",-0.00442180442805948
"effective",-0.00379414108119708
"effects",0.00308295236193987
"efficiency",-0.00168259119213072
"effort",-0.00140371129199731
"efforts",-0.00942405607613194
"efforts.",-0.00505636847965555
"egypt",0.00576635885439086
"egyptian",3.50450993984068e-05
"elected",-0.00183291973707981
"election",0.00445777915022178
"elections",0.00692037672117953
"electric",-0.0146705256979027
"elementary",0.00526204649496833
"elena",0.000584408919922978
"eliminate",-0.00263648355754648
"elizabeth",0.00325898082479518
"email",-0.00646780594367262
"emergency",0.0127036379224227
"employees",0.00447437865999636
"employers",-0.0031186099086405
"employment",0.000659699302188013
"encourage",-0.00248792599770106
"encouraging",0.00505193284805906
"endorse",-0.00441980752016764
"endorsement",0.0154152317163343
"energy",0.000278376100441917
"enforcement",0.00770225344524013
"engine",0.00520029395422954
"engineers",-0.00623374591778642
"enjoy",-0.00383998624960357
"enjoyed",0.00678748979286029
"enjoying",0.0128281617635547
"ensure",0.00579816360096353
"ensuring",-0.00637295082997729
"entire",0.00260587919217484
"entitlement",0.00218523081697069
"environment",0.00976337319636926
"environmental",0.00330968342607047
"epa",-0.00613159799957386
"epw",0.0123617805567892
"equal",-0.00382873821208275
"equality",-0.00824278993190583
"especially",-0.00645806778765338
"essential",0.00608362970330532
"est",0.0090577559370765
"est.",0.0166653880661622
"et,",0.00343342046882092
"et.",0.0119272016563095
"ethanol",0.00715797131062516
"evening",0.00742429194832818
"event",0.00159182162259435
"events",-0.00155911108957945
"exactly",0.00212657282174098
"example",-0.00627539161267453
"excellence",0.0013244151798182
"excellent",-0.00144683547625514
"excessive",-0.00792949644923163
"excited",0.00353690441279075
"exciting",0.0037249061849055
"execs",0.00247613672215868
"expand",-0.00110200991140709
"expanding",-0.0034632509321326
"expansion",-0.00217672904787331
"expect",0.00339775021010931
"expected",0.00675992195795626
"expensive",-0.00120485506585762
"experience",-0.00264087103406642
"experts",-0.00473514949806318
"explain",-0.00606268895056195
"explains",0.00774001426383261
"export",0.00340212010164314
"extend",0.00395934667677994
"extending",-0.00756313554787664
"extension",-0.00409302722100278
"extraordinary",-0.00140993862837806
"extreme",-0.00725210173321288
"faa",-0.00963859641275997
"facebook",-0.00246428467458851
"facebook:",0.000222723629497103
"facility",0.0019410562991841
"facing",0.00115390128601328
"failed",0.0059445806418785
"failing",0.00750094016330688
"fails",-0.0120513559725215
"failure",0.00505952051482763
"fair",0.00368369202062128
"fairness",-0.00997884118934418
"faith",-0.0100536497591456
"fall",-0.00877754365622925
"fallen",0.00293848306909641
"falls",0.00501443972547906
"families",-0.00132296056358683
"families,",-0.0218997917844068
"families.",-0.000642724049723847
"family",-0.000938800057314364
"fans",-0.00467498725217508
"farm",-0.00446970283457295
"farmers",0.00152127684681987
"favor",-0.00300575545009972
"favorite",0.00303321336742556
"fear",-0.00295352859167915
"featured",-0.00047861902563205
"fed",0.000970119541041289
"fed.",-0.0028535376795792
"federal",-0.00196669668030106
"federation",-0.00675602885262649
"feds",0.00370178879425735
"feed",-0.00745252785326031
"feel",-0.000352165200974577
"fees",-0.00662956322142126
"fellow",-0.00515628404516776
"fema",0.00990776127390484
"female",-0.00164890374934819
"fence",-0.00218170961915982
"festival",0.0109428195752739
"field",-0.00511953199523351
"fight",0.00806983032596648
"fighting",-0.00507112255016791
"fights",0.00243005858027324
"filibuster",-0.00361797356108272
"filing",-0.0122506550116976
"final",9.66244913523575e-05
"finally",0.00269958647048563
"finance",-0.00328416720967822
"financial",-0.00154768043004928
"finish",0.00286964477539868
"finished",0.00548315164001358
"fire",-0.000920583869139326
"firefighters",-0.00661859142870016
"firsthand",-0.00896032820728491
"fiscal",-0.00613472117943695
"fish",0.0191438910506284
"five",-0.00429839375399415
"fix",0.00492273727174425
"fixing",-0.00962423431464373
"flag",-0.00791086952801784
"flawed",-0.000194353240234141
"flight",0.00338433296033856
"flood",-0.00882050771112104
"flooding",0.00759251107514365
"flooding.",0.00188304945733548
"floor",-0.00936987039864007
"floor:",0.00480722124134803
"floor.",-0.000440566562727097
"florida",-0.00353938258262477
"flr",-0.00708174095187586
"focus",-0.0121389378342878
"focused",-0.00285787165100441
"folks",0.00543876458421776
"follow",0.00615015776622886
"following",0.00744520302948417
"food",-0.00966390159357075
"force",-0.00044850739862889
"forced",0.00782367750398163
"forces",0.00702553352389105
"foreign",0.000172432939890833
"forget",0.0019386311220204
"form",-0.0009346250531503
"former",0.000923546220974355
"fort",0.00146876757901492
"forum",0.0071983768792822
"forward",-0.00382426628110612
"foster",-0.000436232284373922
"fought",-0.00860211800288676
"found",-0.00393008540402363
"foundation",0.00234445706566449
"fourth",0.00924629705538032
"fox",0.00423182810567829
"frank",0.0235792549660148
"fraud",0.000957558233544662
"free",-0.00900216901975058
"freedom",0.00459923743144707
"freedom.",0.0178549257583761
"fresh",0.00727774177078483
"friday",0.000701548267830672
"friend",-0.00796926449613898
"friends",-0.00613343923692391
"frm",0.00217872479180585
"front",0.0069764439353281
"ft.",0.0108083750857864
"fuel",0.0135839806262247
"fun",-0.00572542920367851
"fund",-0.00301393859972279
"funding",-0.00554763279083611
"funds",-0.00642268963257039
"future",-0.00105485099477616
"future.",-0.00273882588317011
"fwd",-0.00860188449190304
"fy2012",-0.0262331819210145
"gaddafi",-0.0018143419613717
"gain",0.0112920400415767
"gains",0.00490779994319723
"game",0.0067820112518624
"game.",0.00533178829202047
"games",-0.00767803112019479
"games.",-0.00225200333827504
"gang",0.00343944827227237
"gary",-0.000991922488211217
"gas",0.00240035117148937
"gates",0.00699055949976354
"gay",0.00161229458162184
"geithner",-0.0137389950187457
"gen",-0.00363330953735973
"gen.",0.00749257557332212
"generation",0.00401576564724384
"generations",-0.00894051619777377
"george",0.00324103394671888
"geraldine",0.00612381128287494
"getting",-0.0104381294050732
"giffords",0.00011805146667881
"gitmo",-0.00279727993140903
"giving",0.00644120160827231
"glad",0.0068690238777232
"glenn",-0.00526715704114991
"global",0.00577024046644165
"goal",-0.00403464133876979
"goals",-0.000412584655403401
"god",-0.0046179035317422
"goes",0.00780490160516344
"gold",-0.00336864810421973
"goodwin",0.0025700038666325
"gop",0.00149112647801949
"gop'",-0.0113673392633812
"gop’",-0.00440187054013492
"gov",-0.00789368868906362
"gov.",0.00478315164369561
"gov'",0.00286916947713611
"gov’",0.00200558743905658
"government",-0.0156239900841837
"government.",0.0218833453319507
"governor",0.00248857774864959
"govt",0.00244996338386801
"govt.",0.00311737243126424
"gr8",0.0023891072184446
"grade",0.00482922187729098
"graduation",-0.000843757616713416
"graham",-0.00414105555480801
"graham,",0.017383553566139
"graham:",-0.00137911679561737
"grand",0.00701525010665221
"grant",0.000603026678716855
"grants",-0.00712847574839941
"grateful",-0.00888986605523091
"green",-0.0015295235065613
"greg",-0.00321292267223196
"greta",-0.00225172237001533
"ground",0.00610129905189027
"groundbreaking",-0.00490875068526958
"grow",-0.00593248436615751
"growing",0.00205044900009882
"growth",-0.00269732731604432
"growth.",0.0065947986950321
"guarantee",0.00585674412709039
"guard",-0.0039642575091976
"guest",-0.00194336009317135
"gulf",0.00256688975934443
"gun",0.0166121272984891
"hagan",-0.00270655901309935
"half",-0.0152106831949438
"hall",-0.001717256731559
"hall.",0.00225231235022587
"halls",-6.19814863639147e-06
"halt",0.00671897847970468
"handouts",-0.000860771477716862
"hands",-0.0109781895457475
"hannity",-0.0135796800929714
"happen",0.0108990793506662
"happening",-0.002138566144768
"happy",-0.00375025076865011
"harbor",0.0014380454800372
"hard",0.00487638125564428
"harkin",-0.00123828876717936
"harkin,",-0.0964143107043936
"harkin:",-0.0257554260182651
"harm",-0.0281792046295124
"harmful",0.00828522746229795
"harry",0.000132895173093655
"hatch",0.0027001822722946
"hawaii",0.00546520306468236
"head",-0.0216972788109577
"headed",-0.00647184007893405
"heading",-0.000674280416666338
"health",0.003922054941318
"health.",-0.00517838367934436
"healthcare",-0.00573204721224716
"healthy",0.00288569270359704
"hear",-0.0154693848020732
"heard",0.00471182069131729
"hearing",0.0059190101388845
"hearing,",-0.0189439201254172
"hearing:",-0.00606115850673913
"hearing.",-0.00611002718232948
"hearings",-0.00601323111634253
"heart",0.0135950368906141
"held",-0.0106814314757714
"help",-0.00739629480261212
"help.",-0.0246800064887701
"helped",0.00175870383202076
"helping",-0.00922833964146766
"helps",-0.0114132250552314
"henry",0.00219718938037314
"heritage",-0.00403241064694679
"hero",-0.000109237155580455
"heroes",0.000900228814857241
"hhs",-0.00579662099657912
"highlight",-0.00065960643239368
"highlighted",0.000340205985705988
"highlights",0.0087409551654852
"highway",-0.000886858458578301
"hike",-0.00463055835623169
"hikes",-0.00337949721350413
"hill",0.00938972308491942
"hill:",0.00619469989154841
"hire",0.00159132652220389
"hiring",-0.00561547006196166
"historic",-0.00374592189326491
"history",-0.00705800218053785
"history.",-0.00982440967506009
"hit",-0.00470160648585674
"hold",-3.89922064250135e-05
"holder",-0.00420909537294733
"holding",-0.00301710258266289
"holds",-0.0104219120447847
"holiday",-0.00614926521614288
"home",0.00402063406052296
"home.",-0.00116539849221715
"homeland",-0.00475331162395043
"homeless",0.011346369754792
"homeowners",-0.00549892310248367
"homes",-0.00516357600089238
"honor",-0.00621543867837679
"honored",-0.00336649687336012
"honoring",0.0124744474463938
"honors",0.00771822156046111
"hoosier",-0.000428605484696486
"hoosiers",0.0132685273475978
"hope",0.0115054606810929
"hopefully",-0.0116643662650531
"hoping",0.00281117306575275
"hospital",0.00857938066754612
"host",-0.00139776334246224
"hosted",0.00689605575108679
"hosting",-0.00211605635268124
"hot",-0.0026143209030656
"hour",0.000504567578369129
"hours",-0.00681518463405522
"house",0.00761639382190407
"housing",-0.0117392022515401
"hrg",-0.0020198134619667
"http://.co/g6pdnw2",-0.0152953349634527
"http://.fb./emzgxh",-0.00756116152304366
"http://.fb./fth27g",0.00721674352457803
"http://.fb./hqbifi",0.00563749292690271
"http://cs.pn/hr9yru",0.0153692443072187
"http://tinyurl.com/63bqu24",0.00688240900168968
"hudson",-0.0062842351915536
"huge",-0.00866236785394189
"human",-0.0049255056407943
"humbled",0.00827338632174764
"hundreds",0.00177750116997912
"hurt",-0.00298398558794206
"hurting",-0.0079810715401974
"hurts",-0.0038543641589521
"hutchison",-0.00874736103052912
"ice",0.0120296857785141
"icymi,",-0.00676996554155063
"icymi:",0.000861613856811481
"idea",0.00752210254002144
"ideas",-0.00322179475350429
"ignoring",-0.0105086253402747
"illegal",-0.00117753184232225
"illinois",0.00449877083764716
"immediate",-0.0365668613922492
"immediately",-0.000913052907722952
"immigration",0.000182671980160782
"impact",-0.00264957398934394
"impacted",-0.00384304594429689
"importance",0.00711386121086189
"impressive",-0.0109417712061744
"improve",0.00803682918806844
"improvements",-0.00723431719081017
"improving",-0.00416210936903149
"impt",-0.00982727798781801
"include",-0.00923030512403265
"included",-0.0100929408084967
"includes",0.00404247373459322
"including",0.00733660143367083
"income",-0.00321249807620314
"increase",0.00204982699894334
"increased",0.00335468553724152
"increases",0.00237509081920933
"increasing",0.0177955943207063
"incredible",0.000463269187982728
"independence",-0.00492331268758085
"indian",0.00844841669973825
"indiana",-0.00469333931677596
"industry",0.0123991327014934
"industry.",-0.0044331093167459
"info",0.000181153496337909
"info:",-0.00622718145431666
"information",-0.0026050558360478
"infrastructure",0.000940813406907142
"inhofe",-0.00392151704499714
"inhofe,",0.0286832149660442
"inhofe:",0.0053883663911447
"initiative",0.00891293581534013
"innovation",-0.0118270089762414
"innovative",-0.0166997251838857
"inouye",0.0025702097712686
"inspired",-0.0868145292975869
"inspiring",-0.0125167839157901
"instead",0.00378360484057564
"institute",-0.00125484832865475
"insurance",0.00126716016094248
"intel",-0.0138186560119268
"intelligence",-0.00450208003973522
"interior",0.00185312808118356
"international",0.00755608869220432
"internet",-0.00150070355521574
"interns",4.61967565077146e-05
"interview",1.38767170199211e-05
"interviews",0.00525122625028724
"intro",0.00193020305798848
"intro'",-0.0129610446531729
"introduce",0.00708241254101225
"introduced",0.00307908206594372
"introduces",0.0157750421987532
"introducing",-0.00150380482607824
"invest",0.00204592567441273
"investigation",-0.00586542030892808
"investment",-0.0165373665900084
"investments",0.000911180404791141
"invited",-0.00677117741421894
"involved",-0.00200628410281147
"involvement",-0.000422767199116856
"iowa",0.00269139053813239
"iowans",-0.0137479781590081
"iraq",-0.00572006498923923
"irresponsible",-0.00820153171147192
"irs",-0.00197046593888419
"island",0.00325663324718099
"isn’",-0.0129014324276965
"israel",-0.000127573492276056
"issue",0.00377087051519252
"issue.",0.00848197553281249
"issued",0.00658107413909167
"issues",0.00225263278857108
"issues.",0.00533195824528487
"jack",0.00110221632638329
"jackson",0.00946890023327957
"james",0.00350301735845168
"japan",-0.00206998707840698
"jay",-0.00993939014357269
"jeff",0.00797013989495005
"jerry",0.000678659379910341
"jersey",0.00418840236307895
"jim",-0.0116099305745284
"job",0.00836537701385507
"jobs",-0.00126825405604113
"jobs,",-0.0176733160615348
"jobs:",-0.00544873858328112
"jobs.",0.00253766064386019
"joe",-0.00490169401356725
"johanns",0.000872407731798768
"johanns:",0.0229628523316853
"john",0.0129435759607594
"johnson",0.00258375695096858
"join",-0.00677398144687319
"joined",-0.0081957702946877
"joining",-0.00304774135765597
"joins",0.00743707410848382
"joint",-0.00263203961110787
"jon",-8.0154773080247e-05
"journal",-0.00139715915552711
"judge",0.00464572140410589
"judicial",0.00918797731307217
"judiciary",-0.00937805124887652
"july",-0.0147018493934342
"june",0.00600956501931357
"juneau",-0.000303261982497806
"justice",-0.00919252997460941
"justice.",-0.0137161095860796
"kagan",-0.00755406802685129
"kansans",0.0109106810161637
"kansas",0.0139506017422403
"keeping",0.0237681957362674
"kelly",-0.000713120588453793
"ken",0.00340222125168579
"kennedy",0.00495415310704533
"kept",-0.00467392858696884
"kerry",0.00354357078648735
"ketchikan",0.00568167000958774
"key",-0.00216522222946715
"keynote",-0.00938425954249591
"kick",-0.00586610620046613
"kids",-0.0113395897396704
"kill",-0.0132395192195576
"killed",-0.00352977689079307
"killing",0.00392593720500582
"king",0.0040874243064854
"kudlow",-0.00545830989748716
"kudos",0.00455821162957341
"kyl",-0.00629603698775341
"labor",0.00960127065062187
"lack",-0.000190920621387551
"laden",0.00601622234461237
"laden.",-0.00133662923322909
"laden'",-0.00282742742789496
"laden’",0.00104694605510509
"lady",0.00337680551920273
"lake",-0.00702450420162758
"lakes",-0.000387450718132612
"lame",-0.0101381418846614
"land",0.00952072401382345
"landed",0.00606309525814322
"largest",0.00213683604715336
"las",0.0103750986074474
"late",-0.00173880591380636
"launch",0.00422198608444251
"laura",-0.00485292139289451
"lautenberg",0.00543317194323729
"law",-0.066866309161162
"law,",0.00804331836294865
"law:",-0.00198642430780619
"law.",0.00688853126125391
"lawmakers",-0.00135034428118887
"lawrence",-0.000254858997997333
"laws",0.00293765237464081
"lead",-0.0125795420728336
"leader",-0.000895439733547732
"leaders",0.00395698345558642
"leaders.",-0.00498239731420884
"leadership",-0.0023133913190166
"leading",0.00353893934179814
"leads",-0.00806096524340213
"league",0.000306580571572452
"leahy",0.00111948272109129
"learn",-0.0196147698555605
"learned",0.00453563914889588
"learning",0.00435281006215205
"leave",0.000122846315079344
"leaves",-0.00728328808681314
"leaving",0.00659415396013217
"led",0.00051085266310969
"lee",-0.0101370438933317
"left",0.00190124773174782
"leg",0.00112889274140362
"legacy",-0.000293875917373615
"legal",-0.00184959290264881
"legislation",-0.000839262228491497
"legislation:",0.00727629938988713
"legislation.",0.00486494510046065
"legislative",0.000367978051453865
"legislature",0.000716227539602715
"lending",0.0027146521412692
"leon",-0.00249254102684841
"letter",-0.00737092478703315
"letter:",0.00441588626900465
"letting",-0.0105083434045646
"levee",-0.00487523138897343
"level",-0.00201645936940092
"levin",0.00347788352199136
"library",0.00263052185725548
"libya",0.00266806921415266
"libya,",0.0165546937666143
"libya.",-0.00871673640540389
"libyan",0.00467682107327315
"life",-0.00231932266623688
"light",0.00434968698070269
"limit",-0.00211007143516371
"limit.",0.01471291362742
"limits",0.013388030263879
"lincoln",0.00700102728394828
"lindsey",0.00942933135532656
"line",0.00452157466232263
"link",-0.000774295245605272
"link:",0.00457584041814807
"list",-0.00170371875676433
"listen",-0.000363311160939586
"listening",0.0213865177999198
"little",0.0103471014032689
"live",0.00488957894221303
"live:",0.00122961387245782
"lives",-0.00355160090139275
"lives.",-0.010836245569721
"living",0.00143506296965296
"loan",-4.63667740245388e-05
"loans",-0.00416643912964844
"local",-0.00925341567295369
"look",0.000127381502588397
"looking",0.003966883985804
"looks",0.00438741527856695
"loopholes",-0.00133018361400344
"lose",-0.00714814890619719
"losing",-0.0050705958911584
"loss",0.00444548103746296
"lost",0.0019017317455992
"lot",-0.00374158564997317
"lots",-0.00672738851824621
"louis",-0.00222364699484397
"love",0.00192900769451835
"loved",-0.00649555834964404
"low",-0.00390829985903277
"low-income",0.000212327742094301
"lower",-0.00606512096645727
"lt.",-0.0014315752768517
"luck",-0.00978371470752631
"lugar",0.00785287831923882
"lugar:",0.0232667553055043
"lugar'",0.0109284556318909
"lunch",0.00859063594936007
"luncheon",-0.00159783495855947
"mahalo",0.0136781667452665
"main",-0.0277807016767478
"maine",0.00983152461664993
"major",0.00256508064648808
"majority",-0.000747641160453959
"makes",0.00969768489254153
"mandate",0.00308113569841782
"mandates",0.00274442458662917
"manufacturing",0.00619233626297864
"map",-0.00542997675903662
"march",0.00607037867887929
"marine",-0.0123039895103438
"mark",-0.00283856252010459
"mark'",-0.000841499639920735
"market",-0.0101197812047537
"markets",-0.00552464089203236
"marking",0.00542814278312249
"marks",-0.00876251569822407
"marriage",0.00157161773654741
"martin",-0.00782712229465371
"marylanders",-0.00641080758748773
"mass",-0.00582626297966006
"massive",0.0026126894133405
"math",0.0122492611465429
"matter",-0.000532416270344559
"maybe",0.000469772173281911
"mayor",-0.00356501070932758
"mccain",0.000547575198045634
"mcconnell",0.00679277027557896
"mean",0.00312957333068143
"means",-0.00866869070913465
"measure",-0.0110058701839634
"measures",-0.0058260810102775
"medal",-9.58100900507835e-05
"media",-0.00278025326110058
"medicaid",0.00338458462166183
"medical",0.00906621885077225
"medicare",0.00117924855591453
"medicare,",-0.0147296464183463
"medicare.",-0.00824780277793941
"meet",-0.0035303041919166
"meeting",0.00162772327908232
"meetings",-0.00754040430559608
"meets",0.00446200365410614
"memorial",0.00231979347817836
"merkley",0.00070516666576027
"merkley:",-0.0325373110265655
"merkley'",-0.0144859295154825
"message",-0.0124794682469876
"met",0.00465465173227846
"metro",-0.007720480117732
"michael",-0.0125229205703018
"michelle",-0.00443758045756895
"michigan",-0.0151642630825867
"middle",-0.00982180415631312
"mike",-0.0027095327953241
"mil",0.00807492948442809
"military",-0.00750062331452516
"miller",0.0105739912582556
"million",0.00170799273693847
"millionaires",-0.00716713082135667
"millions",-0.0186874713378934
"minister",-0.00413862776774872
"minute",0.00172216774891981
"minutes",0.00343985093401437
"minutes,",-0.00635426243118976
"minutes.",-0.00638367860550705
"miss",-0.00864044396223393
"missed",0.00537092153612413
"missing",0.00941209063752745
"mission",-0.00380292854516579
"mississippi",-0.00154751617329225
"missouri",0.0116666074788684
"mitch",0.00845446970302213
"mitchell",0.00869420502776246
"mizzou",0.00246621935399774
"mo.",-0.00551986861615781
"mobile",0.00294673476196631
"moines",0.00153222104677834
"mom",-0.00156852920522268
"moment",0.00605661364248913
"momentarily",-0.00922087733019095
"moments",-0.000909773290842405
"momentum",-8.52688531287658e-05
"momentum.",0.010400962484118
"mon",0.000670938192390745
"monday",0.0103575707860842
"money",0.00295596584042216
"money.",-0.00243965259100133
"month",0.0032328257602671
"months",-0.0147317609300532
"moratorium",-0.00235993973336915
"morgan",0.0165735616363144
"morning",0.00548709317563756
"morning,",0.00322586299948528
"morning:",-0.00266566055718716
"morning!",0.00358077735053119
"morning.",0.000318980604870863
"morning'",0.0108533624535874
"mortgage",-5.49933433944635e-05
"mother'",-0.00995697000374713
"mount",0.00347769794604646
"mountain",-0.00296125421487007
"move",-0.0073367220706456
"moved",0.00184243997727905
"moving",0.00278624474332416
"msnbc",-0.00383736074117051
"msnbc'",-0.00401858889169916
"mtg",0.000342195695970129
"murkowski",0.00135379606329675
"museum",-0.000874298653606935
"name",-0.00511387396881961
"named",0.00374754438750301
"napolitano",-0.00442887603263049
"nasa",-0.00180732821189511
"nat'",-0.00779743132002264
"nat’",-0.0081621112950534
"nation",-0.00394295136533617
"nation.",-0.000495469500374158
"nation'",0.00506975869175158
"nation’",-0.00106180060051316
"national",-0.00422073613519064
"nationwide",-0.00227082525191768
"native",-0.00673271559428115
"natl",-0.00403954373125971
"natural",-0.00156435811304636
"naval",0.00721403095123086
"navy",-0.00572837055876868
"ncians",0.00398968682603458
"near",-0.00488424113657085
"nearly",-0.00310225322892842
"nebraska",-0.00173160371011333
"nebraskans",0.00212682897212144
"negotiations",0.000845912736337979
"negotiations.",-0.00519993858854948
"neil",-0.00679119400337992
"nelson",0.00816696940801905
"nelson'",-0.00210414727637307
"net",-0.00298319566640193
"network",-0.00276818037266642
"nevada",-0.00390073717857572
"nevadans",0.0139735304340154
"newark",-0.00842141764159382
"news",-0.013615348769869
"news:",0.000596352561977162
"news.",0.0243485152988163
"news'",0.00646636729342764
"news’",-0.00441483612662753
"newsletter",0.000497521905741088
"nice",0.00472605011599792
"night",0.00328509129240102
"night,",0.0041510129224571
"night.",-0.00172356081839775
"night'",0.00174042456318646
"nlrb",0.000353205502988865
"nomination",0.00764034301239581
"nominee",0.00587647500585529
"nominees",0.00416043413136216
"noon",-0.00681940486580612
"north",0.00633130780667143
"northeast",0.00193216852952074
"northern",0.00652432107228334
"nuclear",-0.0127489677473795
"nv.",0.0052895292760442
"nxt",-0.00167635624945601
"nys",0.00644348427900984
"obama",-0.019513389407451
"obama'",0.0205633440550673
"obama’",0.0154102039185505
"obamacare",0.00894417231526752
"obamacare.",0.0364475944134496
"offer",0.0132681956497685
"offered",0.00419331377577436
"offers",0.00909635259524286
"office",-0.00113123750515036
"office.",-0.00157226660829974
"officers",-0.00238183659536233
"offices",0.00800326129718744
"official",-0.00502977891809501
"officials",0.00270390472194985
"offshore",0.00307119656633086
"ohio",0.0162217089478814
"ohioans",0.02026582550788
"oil",0.00658250344408453
"oil,",-0.028355677476145
"oil.",0.00138759517910738
"oklahoma",-0.00186915124301325
"omaha",0.00920785684885738
"omaha,",-0.000345025516005814
"omnibus",-0.000346151464167032
"onerous",0.00773389684021942
"ones",0.000594696093845102
"ongoing",0.000170096637102373
"online",0.00142089723181896
"online:",-0.0189620244962397
"op-ed",-0.00142976047543221
"oped",0.00931732599022277
"operation",-0.000319202332705958
"opinion",0.0053458780474005
"opportunities",0.00380182485417598
"opportunity",-0.00241087377987243
"oppose",-0.000137612396346061
"opposed",0.00051019790476254
"opposes",-0.000968790964205013
"opposing",0.000766625403051739
"opposition",-0.00703647547288795
"organizing",0.00753156942930986
"osama",0.00182843962041495
"outlines",0.00436246698155212
"outrageous",-0.00174749404216952
"outside",-0.00606717383626242
"outstanding",-0.000545983911963838
"overseas",-0.00736211751237572
"oversight",-0.00632894778837457
"owe",0.00382612656360343
"owners",0.000371875155911105
"packed",-0.00122720375178889
"page",0.00681986366330947
"page.",-0.000710585640224518
"paid",0.00548626057960701
"paid.",0.00696532908701419
"pain",-0.0114935250072845
"pakistan",-0.00159011696029039
"panel",-0.00777813800888802
"panetta",-0.0115662608631828
"paper",0.000769805771095036
"parade",0.002240767991869
"parents",0.00435164695190246
"parish",-0.00771310320473919
"park",0.0148114477334547
"parks",-0.000588646892851136
"participate",-0.0056013978365851
"participated",-0.000234216382189986
"participating",0.016835156363089
"parties",-0.00206581000275679
"partisan",-0.00143505026263635
"partner",-0.0136175253629824
"partnership",-0.00341089268967523
"party",-0.0110289387200581
"pass",0.000616332550864256
"passage",-0.00371639598007376
"passed",-0.000709892376733484
"passes",0.00291506085170735
"passing",-0.000238313460188505
"past",-0.00357741111995392
"pat",0.0121913247615658
"patent",0.00369513152356547
"path",-0.00592660146809545
"patients",0.00187651225786813
"patriot",-0.00113759241852693
"paul",0.0137660463957618
"pay",-0.000222826941736364
"paycheck",-0.00124283133189947
"paying",-0.0041675137967915
"payments",-0.00634635607057779
"pbs",-0.00446460465094443
"peace",-0.000194403198512151
"pell",-0.0124268011327825
"pentagon",-0.00144532430787246
"people",-0.00255110400501032
"people.",-0.0057390406011602
"perfect",-0.00622167286141037
"permanently",-0.00456971620771725
"person",0.0122338735265087
"personal",-0.000874164002592846
"personnel",-0.00751889183312439
"peter",0.00532330289431863
"petition",0.00316404827211786
"petraeus",-0.00813587138572189
"phone",0.000476053697909927
"photo",0.00277133787331383
"photo:",-0.00876212477686529
"photos",-0.0144834870278882
"photos:",-0.00474268716228605
"pic",-0.0178307495252898
"pic:",-0.0146117903993571
"pics",-0.00630280391635511
"pictures",-0.00793762520940628
"piece",0.00133634352577139
"plan",-0.00324993857641937
"plan,",-0.00505019149478737
"plan:",0.00306223880805453
"plan.",0.000195536535446527
"planned",0.00955499431801413
"planning",0.00423205551087237
"plans",0.00342085912440117
"plant",0.00816153881989578
"play",7.18153439422854e-06
"playing",-0.0174894971343476
"please",-0.000647907367675555
"pleased",0.0063771243618284
"pleasure",-0.00881636651100068
"pledge",-0.000853609464332543
"pls",0.00562520947084768
"plsd",-0.0128879601373785
"pm.",-0.017423904680791
"poker",-0.00121216772497555
"police",-0.00580191054232489
"policies",-0.0056609854224703
"policy",0.00420967878960243
"policy.",0.00156142060722591
"political",-0.0036073735601655
"politics",-0.00279923107062931
"poll",-0.00338510319830698
"poll:",-0.00182559340695244
"pork",-0.00550787014506689
"port",0.0240473664984713
"post",-0.00102700618236513
"post:",-0.0109087943608624
"posted",0.000124625041719857
"potential",0.0092496700178925
"potus",-0.00368508836764653
"power",0.0179146251959432
"powers",-0.0112821614369498
"ppl",0.00494183129595883
"practical",0.00769376653935405
"praises",0.00341715646869775
"prayers",-0.000434548341568677
"prepare",0.0151913755939478
"prepared",0.00152995649627229
"preparing",-0.00095724988215101
"pres",-0.00887038220358227
"pres.",0.00362828811580686
"prescription",-0.00282853552696273
"preserve",-0.0143023730446784
"president",-0.00342397756004665
"president,",0.0105517939757518
"president'",0.00369216127534137
"president’",0.0137201225327015
"presidential",0.0104865375418561
"press",0.000196738941283095
"prevent",0.00837343754038528
"prevention",-0.00259416619494515
"preventive",-0.00796092656106965
"prez",-0.0139678822192061
"price",-0.00841140972604352
"prices",0.000598849702697382
"prices,",0.000846817536357617
"prices.",0.000469197253686997
"primary",0.000792555226805181
"prime",0.00320128313594023
"priorities",0.000774780885067939
"priority",-0.00633595210075186
"priority.",-0.00374296007130154
"privacy",-0.00841093528442513
"private",-0.0161611483364285
"process",0.00335464404050321
"produce",-0.00367521888955543
"production",0.000601522386824093
"productive",0.00710988922067594
"profits",-0.00312691805232394
"program",-0.0194426963428052
"program.",-0.0142839831451171
"programs",-0.0160672849320024
"programs.",-0.000870905020552444
"progress",-0.0034848355505884
"project",-0.00335589977551648
"project.",-0.00952674899989584
"projects",-0.00385414858387058
"promise",-0.00372857859073015
"promised",-0.00617198025885266
"promises",-0.00820761671623044
"promote",0.00104616444927228
"promoting",-0.00115424192789329
"property",-0.000666856426487051
"proposal",-0.00478806118091432
"proposal.",0.00160006139722126
"proposals",0.00445378439738421
"proposed",-0.00373987870685456
"prosperity",0.00646593631564352
"protect",0.00663765213861755
"protecting",-0.0163949466069354
"protection",-0.00409249880417812
"protections",-0.00226501088706209
"protects",-0.0116233778159788
"proud",-0.000273460782381989
"provide",-0.0222955470295781
"provides",-0.00819324046469716
"providing",-0.00317908381944687
"provision",-0.00531263687887882
"provisions",0.00356134877337181
"public",0.00805981182933356
"pump",-0.00376895329599882
"push",0.000642782538283235
"pushing",-0.00797659484195012
"putting",-0.0101535986609495
"qualified",-0.00320069233040897
"quality",0.00247514577206614
"question",-0.0068185808705543
"questioning",0.000295583408800485
"questions",0.001924011258723
"questions.",0.00372888626612378
"quick",0.00035898882094739
"quickly",0.000456139164853887
"race",-0.004239757318461
"radio",-0.00519006241301381
"radio.",-0.00112373357426362
"rail",-0.00672326414434714
"raise",-0.0143976668812999
"raised",0.014317148131473
"raises",0.00285390089258275
"raising",0.00412878131035127
"rally",-0.00149899842223931
"ran",-0.00472908628471271
"rand",0.00602532742524151
"ranking",0.0233947995769336
"rapid",0.00716979058231255
"rate",-0.00550138289897045
"rating",0.00254510280750344
"ray",-0.00020883727615488
"re:",0.00492862419165129
"reach",0.00513560204248382
"reached",-0.00586383906681141
"reaching",-0.00401529881147845
"reaction",0.00220887793615815
"read",-0.00302076194235842
"read:",0.0137644020976784
"reading",-0.0139460345827368
"ready",0.00189010097486354
"reagan",0.0113735885818422
"real",0.00584064764167256
"reality",0.00238900856843722
"reason",0.00334579216280226
"reauthorization",0.00125467267967617
"rebuild",0.00085914542346064
"receive",-3.36156575825335e-05
"received",-0.010460527829221
"receives",-0.00747898528855039
"receiving",-0.00073783751448223
"recent",-0.000866547709904358
"recently",0.00944610325945885
"reception",-0.00070838146248746
"recess",0.000975318744017437
"recipients",0.00527645333664582
"reckless",-0.00983602763315502
"recognition",0.0028864578735729
"recognize",-0.00507152468486942
"recognized",0.000921948717391859
"recognizing",0.00762454032814733
"record",0.00402221747770243
"recovery",0.0028112477018094
"red",0.00140773171047118
"reduce",-0.00842665317200132
"reducing",-0.0111253857349099
"reduction",-0.00288708001182825
"reduction.",-0.00747086588218073
"reed",-0.00292071491343704
"reform",0.00545328965917703
"reform,",-0.00466124697778432
"reform:",-0.00232868983819214
"reform.",-0.00529293877060209
"reforming",-0.00372914497201489
"reforms",0.00548697654312206
"reforms.",-0.000441228136845391
"regarding",-0.00186736162419751
"region",0.00778686317827385
"regional",-0.00126452256004583
"register",-0.00625346878165473
"regs",-0.01534382605465
"regulation",0.0146819760848746
"regulations",0.0158231786864992
"regulators",0.0134060428548705
"regulatory",-0.000314186642850533
"reid",0.00695701805438015
"rein",0.016949902171836
"rejected",0.00403123393326582
"relations",-0.000336690721959182
"release",-0.00607954778418916
"release:",-0.0024510305345648
"released",0.00464498014087931
"relief",0.00504744372157691
"remain",0.00442858944175312
"remains",0.00791334162114373
"remarks",0.00666765747373198
"remember",0.00238333864942342
"remembering",0.0130910138670938
"remembrance",-0.00570676167887517
"remind",-0.0148500946254952
"reminder",-0.00214883177272419
"reminder:",0.000748080736855135
"reminds",-0.000736598598092406
"remove",0.00392418270871754
"renewable",0.00336080445421405
"rep",-0.00433611396914936
"rep.",0.00225321087561196
"repeal",0.00476186369699977
"repeal.",0.00707149223404476
"repealing",-0.00912583258589103
"replace",0.000140418263551694
"report",0.00594381750852501
"report:",0.0153508346031268
"reporters",0.0091526303410606
"reporting",0.00226150476201772
"reports",-0.00221152107423135
"reps",-6.28990845537778e-05
"republican",-0.00615841081902949
"republicans",-0.00281221213747118
"request",-0.00401435144999298
"require",0.00747771183419092
"requires",0.00321213719155298
"requiring",0.00190044077220711
"res",0.00304618073498595
"research",-0.00887906177746372
"reserve",-0.00587032478884643
"residents",0.00186348226164673
"resolution",-0.00737172513093674
"resolution.",0.000922126380900554
"resolve",0.0101435419158813
"resources",-0.00891894253254432
"respect",-0.00107941301958626
"respond",-0.00905605327873021
"responders",0.00763883437768875
"responds",-0.0164945539874165
"response",0.00532421879982153
"responsibility",0.000228043711291576
"responsible",-0.00565087336252382
"rest",0.0041654334535389
"restore",-0.0071870644015314
"result",0.00648619636385145
"results",0.00290840723401464
"return",-0.00169898205380383
"revenue",-6.27354224997804e-05
"review",-0.00537774783718363
"ribbon",0.00158106579595524
"rice",0.00190587620156101
"rich",0.00797595713149535
"richard",-0.0109271875916734
"rid",-0.00501578180900144
"ride",-0.00312922568685983
"riders",0.00193322076009762
"rights",-0.0140895883761784
"rights.",-0.0103673874763376
"rise",-0.000490546608429244
"rising",-0.0101708018691655
"risk",0.0024644368202747
"river",-0.00350881341041701
"road",-0.00186307610676531
"robert",-0.00116961876720061
"rochester",-0.0026778600292124
"rock",-0.0205270094436761
"role",0.0106185223288359
"roll",0.00328486613090401
"ron",-0.000487556361535721
"ronald",0.010352358732416
"rotary",0.0106660902609422
"round",0.00922037146970237
"roundtable",-0.00936557144371268
"route",-0.00624982074296182
"rt:",0.0024887553200953
"rule",0.00326601698994235
"rules",-0.00824156753445754
"ruling",-0.00689392386594452
"run",0.00621533333412222
"running",0.00761956771399785
"rural",-0.00191523280765367
"russell",-0.0101676698973087
"ryan",-0.00314564165502214
"sacrifice",0.00164976061560906
"sacrifices",0.00332667835881204
"sad",0.00375172536873484
"saddened",-0.00593249782037629
"safe",-0.00646182415245962
"safe.",-0.0167601262939479
"safety",0.00226927693712305
"safety.",-0.0324124286529217
"salazar",-0.012348649253957
"san",0.00475778847478947
"sanders",0.00572544475153114
"santa",-0.0167036672195217
"sat",-0.00920517885739335
"saturday",-0.000254057353914534
"save",0.00413669655030564
"saved",-0.000402162852924806
"saves",-0.00910623519894402
"saving",-0.00233855443987051
"savings",-0.00617116743988551
"saying",-0.00416313029147599
"sb:",0.00367736915618764
"scare",-0.0256752785049647
"schedule",0.0118245912940163
"scheduled",0.00997718492665469
"school",0.00550921597088818
"school.",0.00169828276145272
"schools",-0.00242270378053386
"schools.",-0.00536011602112178
"schumer",-0.00922402666410679
"science",-0.0188582938007299
"scott",0.000624136055332701
"sean",-0.00244014858841069
"season",0.00260480849637628
"sebelius",-0.00205936828168535
"sec",0.00680166808303657
"sec.",-0.00737433338553212
"secret",-0.00570617895479768
"secretary",-0.0040332542341811
"sector",-0.00547366825182008
"secure",0.00421278062231522
"security",-0.00145404521934086
"security,",-0.00647805397128042
"security.",-0.00232650397965155
"seeing",-0.002578651125267
"seeking",0.00406251291131058
"seeks",0.00228860548036115
"seen",0.00463345821166378
"sen",0.00484626783407612
"sen.",-0.0126086500721899
"senate",0.012005796946607
"senate,",0.0117276737680076
"senate:",0.00617488027825586
"senate.",0.00039653252478273
"senate’",-0.00599729400646142
"senator",0.000243397354984763
"senator.",-0.0217145631671702
"senators",-0.0011390134648197
"sencardin",0.00162989112954396
"send",-0.0349944117708396
"sending",-0.00260901770609886
"sends",-0.00401142953596895
"senior",0.00198317620321376
"seniors",0.00158431204360258
"seniors,",-0.0137894781587383
"seniors.",-0.00350711805829274
"sens",-0.00530128715487346
"sens.",-0.00132672262551724
"sense",0.000110097692402549
"sensnowe",-0.00475842739451727
"sent",0.0106361983004355
"series",0.0186215889088743
"serious",-0.00404208610440081
"seriously",0.00600966613207361
"serve",-0.00827933514614845
"served",-0.00890110028191293
"service",0.00188974456604858
"service.",-0.00832797490181933
"services",-0.00836547951127469
"serving",-0.00655384901762473
"session",0.0132247228499632
"sessions",-0.0105846584000737
"sessions:",0.0594899472779906
"set",0.0227792269085596
"severe",-0.00843046905251576
"sfrc",0.00120243127207096
"sgt.",0.00551900785325807
"shaheen",0.00333007099604165
"share",-0.00408482975837531
"shared",0.00202617527865126
"sharing",-0.00794032507839055
"shift",-0.00168586788944729
"shld",-0.00329954488474779
"shooting",-0.00408666293688188
"short",-0.00376214749911823
"short-term",0.00134088012963322
"shortly",-0.0165983620410529
"shouldn’",0.00427816307999136
"shut",-0.00874037912353769
"shutdown",-0.0109418805407549
"shutdown.",-0.00308758370842784
"shuts",-0.0040848499766788
"shuttle",-0.00887339344803694
"sick",-0.0128789014216847
"sign",-0.00319382641638318
"signed",0.00263014195856979
"significant",-0.00794225647088666
"signing",-0.00393284165652949
"signs",-0.00397211007521714
"simply",0.00307232299894279
"single",-0.0014668868738266
"sioux",-0.000691926918498282
"sit",-0.0118362196907962
"site",-0.00101217186551764
"sitting",-0.00602154802057319
"situation",-0.00530952729092898
"six",0.00495695236180069
"size",-0.00605561127544555
"skills",0.0036484322068461
"slash",-0.00242371239713162
"smart",-0.00658920397038013
"smith",0.00279169028713087
"snowe",0.012286934207696
"soc",0.00998891112893101
"social",-0.00445754912576393
"society",-0.00263734630130574
"socsec",-0.000851739320182043
"solar",5.59460238429376e-06
"soldiers",-0.00863761449923052
"solid",0.0119914225063353
"solution",0.000683068569550645
"solution.",-0.00630511861589507
"solutions",-0.00879531910661024
"solutions.",0.00649874125602839
"solve",-0.000281450981351932
"son",0.000391524129762703
"soon",0.00151427361516127
"soon.",0.00342371518107915
"sorry",0.00633798137106315
"sos",0.003252234454972
"south",0.00821060807414799
"southern",0.003061991863844
"space",0.00384810347528472
"speak",-0.00740311477229684
"speaker",0.00439143565431142
"speaking",0.00743840260803886
"speaks",0.00715554021120897
"special",0.00686773860809546
"speech",-0.00805090931803677
"speech:",0.00705858629127298
"speech.",-0.00250990947162509
"speed",0.0082920524291364
"spend",-0.00770519043394075
"spending",0.00372120481762186
"spending,",0.0318654416721367
"spending:",0.0153296820063117
"spending.",0.00793322054202656
"spends",0.018457960173576
"spent",0.0100116008970604
"spill",0.010770906458816
"spirit",0.00621925764891739
"spoke",0.00189855167992472
"sponsored",0.0114758700479314
"spring",0.00639211949997004
"springfield",0.00419052275135492
"springs",-0.0072625119135807
"spur",0.00357585578290143
"squawk",-0.000915239139006874
"st.",0.00257755729265152
"stabenow",-0.0110248840099516
"stabenow,",-0.0324364172601526
"stabenow:",-0.0127853719519292
"staff",-0.00971062417013911
"stand",-0.00152322351364467
"standards",-0.00579975162002633
"standing",-0.00650054397504121
"stands",-0.00151536969557168
"star",-0.00857321173729916
"start",-0.00148504863746414
"started",0.0058629426059581
"starting",-0.00271267994385571
"starts",-0.00849414782045026
"statement",0.00191528381569725
"statewide",-0.0040912631047602
"station",-0.000306190818533314
"status",-0.00251568323323542
"stay",0.00166933971293315
"stem",-0.00525254507371674
"step",-0.00657866402537577
"steps",-0.00120828079550121
"stevens",-0.000103657940691898
"stimulus",0.000903380229254277
"stood",0.02363360444737
"stop",-0.000505519775317816
"stopped",0.0132661224861937
"stopping",0.00565251391569735
"stops",0.00104692902732172
"stories",7.66997635156711e-05
"storm",-0.0032423112582751
"storms",0.00167751689808171
"storms.",0.000816810026995821
"story",0.00367257470435594
"story:",-0.0100689856101887
"strategic",-0.0120604280720895
"strategy",7.98752365632168e-05
"stream",-0.00116712558245113
"stream:",0.00425964270810956
"street",0.00166071112699515
"strengthen",-0.00338174791943869
"strong",-0.00711977667447768
"stronger",-0.00261856848076691
"strongly",-0.0010222579731177
"struggling",-0.00301560557861712
"student",-0.0025939826296276
"students",-0.00955244576971664
"students:",-0.00714425812897902
"students.",-0.00367590613562964
"studio",-0.00362722589600706
"study",0.00965545854875373
"subcommittee",-0.00295562175188444
"submit",-0.00358479915209803
"subsidies",0.00823314656078576
"success",-0.0257066411389485
"successful",0.000258124282583017
"summer",0.000770753113004919
"summit",-0.00785172718478324
"sun",-0.00478228698877298
"sunday",0.000687845291299973
"sunday.",-0.000799940754380736
"sunday'",0.00833724572404815
"super",-0.00104364333301586
"supertalk",0.00682073325980153
"supply",0.00646548962893116
"support",-0.000796619368234802
"support!",-0.00915201523796036
"support.",-0.00044589919398781
"supported",-0.00372757745187448
"supporting",0.00370344803019732
"supports",-0.00607828764120319
"supreme",0.000951629533253953
"surprise",0.00496443697905012
"survey",-0.000699297136612504
"sustainable",0.00636255252826557
"sworn",-0.000337936095823447
"system",-0.0054599497797774
"system.",-0.00754936510191909
"table",-0.00715084410760315
"table.",-0.00776156004324859
"tackle",-0.000493556106003015
"takes",-0.00157701413411101
"taking",-0.00110575091415948
"talk",0.00186123312489229
"talked",-0.00902236832072754
"talking",-0.00439742416689697
"talks",-0.0109262843421277
"talks.",-0.00294766031239294
"tape",-0.00193510538567139
"targeted",0.00728460374804214
"tax",-0.00728614608275928
"taxes",0.00905727467374705
"taxes,",0.00980858139340883
"taxes.",0.00895762019467792
"taxpayer",0.000407538172389784
"taxpayers",0.002124040679382
"tea",0.00285417844450565
"teacher",-0.00968362981613169
"teachers",-0.00976644055548125
"team",-0.0106984351278221
"teams",0.00447756750461916
"tech",-0.00351887842291193
"technology",-0.011379311788185
"ted",0.00384690322361775
"tele-town",-0.00316846348773903
"telephone",-0.00797618995745807
"tell",-0.00600508078977805
"tells",-0.00730935982690333
"tennessee",0.00797389277283257
"term",0.00721469487166137
"terrific",0.000828068605772219
"terror",0.00140916163219472
"terrorist",-0.00591635113125738
"terrorists",0.00542285106888879
"test",0.00891891651637651
"testified",0.00157596813963335
"testify",0.00538199236680448
"testifying",-0.00101993853967564
"testimony",-0.00223056709346295
"texas",-0.00816695766178263
"text",0.0156916429640961
"thank",-0.00687796607093153
"thanks",0.0226659722208327
"thanks,",0.0100791251915505
"thanks!",0.00155202393794247
"thanks.",0.0126296518294969
"thousands",-0.0124613355339936
"threat",-0.00383077414429081
"threatens",-0.0047972228682559
"threats",-0.00621266573494272
"thrilled",0.00284793185587433
"throughout",-0.00793927320512688
"thru",0.000958101159646184
"thursday",-0.00847918990899015
"thx",0.00748525247632585
"tim",-0.00367264899597963
"time",-0.00735948796715422
"time.",-0.00532326825831472
"times",-0.000738989414145981
"times:",0.000577747234894775
"title",0.00171824130628538
"tmrw",-0.00738612183592039
"tobacco",0.00636752067088885
"told",-0.0106962583087475
"tom",0.00139231193417284
"tomorrow",0.00431536572408179
"tomorrow,",-0.0173640953825525
"tomorrow.",0.00213180553567791
"tomorrow'",-0.00852235441836115
"tonight",-0.00989341176119197
"tonight,",0.00344266483148004
"tonight!",-0.00383038074677309
"tonight.",0.00213777659902577
"tonight'",-0.00850083631949372
"tool",0.000668014971919627
"tools",0.00491453473966491
"toomey",-0.00788905362458875
"toomey:",0.0599024961842675
"toomey'",0.014892113294139
"top",0.0253523914041781
"topics",-0.00167964060277518
"tornado",0.00488926223044719
"tornadoes",0.0136033419403557
"touch",0.00429274247606827
"tough",-0.00327577561995479
"tour",0.000837542573051525
"toured",0.0011427084709001
"touring",-0.00248887933664134
"tourism",0.00239455764708847
"tours",-0.00326756073865289
"towards",0.00753724769598226
"town",-0.00252730010766063
"townhall",0.00122510219313189
"track",0.00287074075110796
"trade",-3.79160329700301e-05
"tragedy",0.00384380507736406
"tragic",-0.0131992864266554
"train",-0.00287206990090542
"training",-0.0145278134430475
"transit",-0.00635472826626537
"transition",-0.00665204544961234
"transparency",0.00401033790963716
"transportation",0.00275362943354408
"travel",-0.0037596670271738
"traveling",0.0016563128068892
"treasury",0.00699308844607419
"treatment",0.00932809550798246
"treaty",-0.00462336526912968
"tree",0.0078857531089209
"tribute",0.00716171554910677
"trillion",0.00243663062433966
"trip",0.0201748781543368
"troop",0.00201281378861289
"troops",0.00487675827261915
"truck",-0.00699421788406584
"true",0.00253163028780049
"truly",0.00568583988081388
"trust",0.00650272729905196
"truth",0.00056874625223559
"try",0.0104253953786357
"trying",0.00280124929571726
"tsa",0.00656720023103921
"tucson",-0.0103983701112808
"tuesday",0.00783856553259031
"tune",0.00373203869890857
"tunnel",0.00886213678353083
"turnout",-7.55962451351574e-05
"tweet",-0.00868794534282625
"tweeting",-0.00198639065777657
"tweets",-0.0147274170486232
"twitter",-7.10640684272585e-05
"udall",-0.00935554540083007
"ultimate",-0.00771833860648697
"unacceptable",0.00298818122595568
"unacceptable.",-0.00523132191595006
"unanimously",-0.00812011162307022
"unconstitutional",-0.00436771441838146
"unemployed",0.0097796116787026
"unemployment",0.00301884978361168
"unfair",0.00295608142439642
"unfortunately,",0.000434522272143207
"unfunded",0.00597808703804324
"uni",0.0103226066918773
"uniform",0.0138615494306634
"union",0.00811895566518813
"united",0.00537733687068803
"university",0.00286586059530343
"unless",0.00542002796264675
"unsustainable",0.000353285491194809
"unveil",0.00825294328891202
"unveiling",0.0104140128324084
"upcoming",0.00235128914042843
"update",0.00113986079927785
"update:",-0.010120766345145
"updated",0.000658723839290164
"updates",0.0031147611868395
"updates:",0.000301473598765363
"urge",-0.00571171837164379
"urged",-0.0029851007915246
"urgent",-0.00313633125069332
"urges",-0.00112861598573954
"urging",-0.000364461833891687
"usa",-0.00028886077565524
"using",-0.00242021172350305
"valley",0.00284326601651826
"value",-0.00276723409449758
"values",0.00435283678447812
"van",-0.00867393918629792
"vehicles",0.00331563694097396
"version",3.29675217968127e-05
"vet",0.0108661843159342
"veteran",-0.0049730406669929
"veterans",-0.00336118779565622
"veterans.",0.00427343302213237
"veto",-0.00368982149464541
"vets",0.0123348139956986
"vets.",-0.0103579362421813
"via",-0.0130252384005751
"vice",0.00880287863671808
"victims",0.00167594200537673
"victory",0.00616764530956668
"victory!",0.00455388089936335
"video",0.00700860506954251
"video:",-0.000903017017660868
"vietnam",0.000424056179781589
"view",-0.00510233263514256
"views",-0.00609373071361724
"vilsack",0.00148965182494685
"violence",0.0114992617231692
"vision",-0.00445012110657106
"visit",-0.00303099861504819
"visited",0.00386956433262198
"visiting",0.00840853751334446
"visits",0.00400543942437888
"vital",-0.00458781733669199
"vitter",0.000224123678327703
"voice",0.00636188937189889
"volunteer",-0.00365827560748202
"volunteers",0.00116936790689736
"vote",0.00457829721815852
"vote:",0.0146292555053512
"vote.",-0.00149237742748182
"voted",0.00540490203966941
"voters",0.006146883139339
"votes",0.00593045997219465
"voting",0.00108943520342309
"vs.",0.0108408226540339
"wait",0.00203590264326905
"waiting",-0.00719863510115784
"wake",0.00605695521587124
"walk",-0.00936030096459779
"walking",-0.00108882885170231
"wall",9.32999589750137e-06
"walter",-0.00558435912146441
"war",0.00277498558102343
"war.",0.00734615460523071
"warm",0.00802312227840817
"warner",0.00944151154811326
"warner'",-0.0110271481420912
"warning",-0.00621458178803141
"warren",-0.000939765761721437
"warriors",-0.000970552465421763
"wars",-0.0119473390418
"washington",-0.00412823967795185
"washington,",0.0105933880508362
"washington.",0.00317627935942352
"waste",0.00654151989410787
"waste,",-0.00195252643822684
"wasteful",0.0114209134857865
"watch",0.00848030847226052
"watch:",-0.0119133423426558
"watching",-0.00113531693410339
"water",-0.00382788035341036
"wealthy",-0.0109398207033781
"weather",-0.00611721173229747
"web",-0.00204296158624209
"webcast",-0.00373984660847975
"website",0.00309961763525703
"wednesday",-0.00211339347538938
"week",-0.00545753661038545
"week,",-0.00375165105223122
"week:",-0.00253412828069887
"week.",0.00236770399944276
"week'",-0.00225923135275904
"weekend",-0.000947980479415845
"weekend.",0.00562823585225803
"weekly",-0.00243388437618844
"weeks",0.0138925684765822
"weigh",0.00707815708825006
"welcome",-0.00542690306626439
"welcomed",-0.00531090888121584
"welcomes",0.00409385240530879
"wellness",-0.00136156641210299
"wendy",-0.00303376147686954
"west",0.0209400181774569
"western",-0.00145988971988963
"white",-0.00318712610578157
"wife",-0.0045466395500102
"wildfires",0.00164777331400723
"wildlife",0.00252106156992727
"willing",-0.00498417881146616
"win",0.00515404374734538
"wind",-0.00342220574651101
"winner",-0.00488193994617647
"winning",-0.0117743799132719
"wins",-0.00729817929149563
"wireless",0.00445719310366674
"wisconsin",-0.00880704516014443
"wish",0.00742343269266084
"wishes",0.00955143559114377
"wishing",0.00799590229377644
"wld",-0.00668235463143074
"woman",-0.00754889245927961
"women",-0.0157472508393084
"women.",-0.0297019838523086
"women'",-0.0189772374645518
"women’",-0.015704371560075
"won",-0.0126116235180962
"won’",-0.0040950274452197
"wonderful",-0.00461864304379904
"word",-0.00200437363369636
"words",-0.00333535417647824
"workers",-0.00853168991630065
"workforce",0.00106337506214187
"world",-0.0123834914356498
"world.",-0.0194027144874487
"worse",-0.00820904450417401
"worst",0.00995377403128142
"worth",0.000811696548882666
"wounded",0.00342458715383812
"wrapped",0.0102191651253231
"write",0.00657619508554133
"wrong",0.00577621476098308
"wrote",0.00390002305766041
"wsj",-0.00724474016355024
"wwii",0.020070672548401
"yesterday",0.00838084584002317
"yesterday,",0.0037348368408625
"yesterday:",-0.000999808150372049
"yesterday.",-0.00264096658357795
"yesterday'",0.00503028825784485
"york",-0.0067746851209507
"youth",-0.00237286523076851
"youtube",0.00384893225087644
"yr.",0.00689171841271253
"yrs",-0.00386361900381039
"zone",-0.00776611758013102
"zuckerberg",-0.00255673571512279
NA,0.0108669029892552
