missingVotes,district,firstname,title,middlename,lastname,first.name,twitter_id,lo,up,party.y,party.x,state,icpsr.id,idealPoint,gender.y,gender.x,label,nameid,ideal_pointEst
20,5,Gary,Rep,L.,Ackerman,Gary,repgaryackerman,-1.32732185126967,-0.984674139564678,D,D,NY,15080,-1.15935466180226,M,M,Ackerman (D NY-5),A000022,1.28613130557
4,24,Sandra,Rep,,Adams,Sandra,RepSandyAdams,0.836243189722576,1.11765810282991,R,R,FL,NA,0.986753314681516,F,F,Adams (R FL-24),A000366,3.0319614543
9,4,Robert,Rep,B.,Aderholt,Robert,Robert_Aderholt,0.593448498861013,0.844309242165069,R,R,AL,29701,0.726355288948545,M,M,Aderholt (R AL-4),A000055,2.16500967076
27,2,W. Todd,Rep,,Akin,Todd,ToddAkin,0.844332598310221,1.12386630068186,R,R,MO,20123,0.981890294346048,M,M,Akin (R MO-2),A000358,2.44001360002
16,5,Rodney,Rep,M.,Alexander,Rodney,USRepAlexander,0.492139574068725,0.735274639124706,R,R,LA,20327,0.614509085689729,M,M,Alexander (R LA-5),A000361,2.88364383512
4,4,Jason,Rep,,Altmire,Jason,RepJasonAltmire,-0.19108931412006,-0.011562537326639,D,D,PA,20743,-0.0929796233074392,M,M,Altmire (D PA-4),A000362,1.91182137648
29,3,Justin,Rep,,Amash,Justin,repjustinamash,0.693203520206737,0.939520926374483,R,R,MI,NA,0.820103699549475,M,M,Amash (R MI-3),A000367,1.92533709693
12,7,Steven,Rep,,Austria,Steve,SteveAustria,0.565189446815011,0.808411407074287,R,R,OH,NA,0.692094507707197,M,M,Austria (R OH-7),A000365,2.16100311809
47,43,Joe,Rep,,Baca,Joe,BacaCA43,-0.941425631235751,-0.681308541888935,D,D,CA,29942,-0.813782742156541,M,M,Baca (D CA-43),B001234,1.49638738504
108,6,Michele,Rep,,Bachmann,Michele,MicheleBachmann,0.788847255375737,1.08364108168169,R,R,MN,20728,0.930899417070183,F,F,Bachmann (R MN-6),B001256,3.50175108818
18,6,Spencer,Rep,,Bachus,Spencer,BachusAL06,0.574899518403586,0.825495657058081,R,R,AL,29301,0.708923836959077,M,M,Bachus (R AL-6),B000013,2.09663997584
7,2,Tammy,Rep,,Baldwin,Tammy,RepTammyBaldwin,-1.99922245060258,-1.42702613151882,D,D,WI,29940,-1.73046684481889,F,F,Baldwin (D WI-2),B001230,1.77477311935
9,11,Lou,Rep,,Barletta,Lou,RepLouBarletta,0.405214331063219,0.635732185806351,R,R,PA,NA,0.521265860689089,M,M,Barletta (R PA-11),B001269,2.28267077399
7,12,John,Rep,,Barrow,John,repjohnbarrow,-0.420641716960046,-0.231122647772529,D,D,GA,20507,-0.322522868614396,M,M,Barrow (D GA-12),B001252,1.77477311935
46,6,Joe,Rep,Linus,Barton,Joe,RepJoeBarton,0.745997191514032,1.00481084281506,R,R,TX,15202,0.879642944351813,M,M,Barton (R TX-6),B000213,1.79879285025
23,33,Karen,Rep,,Bass,Karen,RepKarenBass,-2.00701693166183,-1.44505127831681,D,D,CA,NA,-1.70500623375251,F,F,Bass (D CA-33),B001270,1.42316373676
14,2,Charles,Rep,,Bass,Charles,RepCharlesBass,0.217371675103917,0.415632714494546,R,R,NH,29538,0.319363525145404,M,M,Bass (R NH-2),B000220,1.95631121117
22,31,Xavier,Rep,,Becerra,Xavier,repbecerra,-1.60374503733295,-1.15713874719584,D,D,CA,29316,-1.39546229576613,M,M,Becerra (D CA-31),B000287,1.26261089291
6,1,Dan,Rep,,Benishek,Dan,CongressmanDan,0.938376224105141,1.24383276968952,R,R,MI,NA,1.09790001403877,M,M,Benishek (R MI-1),B001271,1.64784239823
29,1,Rick,Rep,,Berg,Rick,RepRickBerg,0.581031869416014,0.836965032353793,R,R,ND,NA,0.710775476897197,M,M,Berg (R ND-1),B001272,1.77477311935
23,1,Shelley,Rep,,Berkley,Shelley,repberkley,-0.984109602520525,-0.720973740490421,D,D,NV,29922,-0.845087140942196,F,F,Berkley (D NV-1),B001231,1.77477311935
21,28,Howard,Rep,L.,Berman,Howard,RepHowardBerman,-1.27505017656346,-0.95441111539679,D,D,CA,15004,-1.10838374493953,M,M,Berman (D CA-28),B000410,1.65709009169
6,13,Judy,Rep,,Biggert,Judy,JudyBiggert,0.29755272390829,0.511197975351409,R,R,IL,29912,0.401215308072899,F,F,Biggert (R IL-13),B001232,2.17293344601
45,50,Brian,Rep,P.,Bilbray,Brian,BilbrayCA50,0.470906337344756,0.703204210695881,R,R,CA,29508,0.583978803537149,M,M,Bilbray (R CA-50),B000461,3.47594304906
24,9,Gus,Rep,Michael,Bilirakis,Gus,RepGusBilirakis,0.549036360164323,0.801145506286291,R,R,FL,NA,0.676914072505078,M,M,Bilirakis (R FL-9),B001257,3.60213941838
44,2,Sanford,Rep,D.,Bishop,Sanford,SanfordBishop,-0.640157507533722,-0.421818389690307,D,D,GA,29339,-0.52991005017583,M,M,Bishop Jr. (D GA-2),B000490,1.58267335577
26,6,Diane,Rep,,Black,Diane,dianeblacktn06,0.92718715229771,1.22980833675237,R,R,TN,NA,1.0652680704096,M,F,Black (R TN-6),B001273,5.21099375243
10,7,Marsha,Rep,,Blackburn,Marsha,MarshaBlackburn,1.0292309280838,1.36677362267648,R,R,TN,20351,1.20626987958912,F,F,Blackburn (R TN-7),B001243,4.6628878058
47,3,Earl,Rep,,Blumenauer,Earl,blumenauermedia,-1.31502608848424,-0.976805811206321,D,D,OR,29588,-1.1429541895532,M,M,Blumenauer (D OR-3),B000574,1.29273811628
689,8,John,Rep,A.,Boehner,John,SpeakerBoehner,-0.0701985455303929,2.73570704888528,R,R,OH,15806,1.22431593635897,M,M,Boehner (R OH-8),B000589,5.35327595782
11,1,Josiah,Rep,Robins,Bonner,Jo,repjobonner,0.528903908568229,0.774410370985755,R,R,AL,20300,0.653389042525,M,M,Bonner (R AL-1),B001244,2.26532212592
16,45,Mary,Rep,Whitaker,Bono Mack,Mary,MaryBonoMack,0.630880010542061,0.884318747777132,R,R,CA,29775,0.760130242040986,F,F,Bono Mack (R CA-45),B001228,3.78644677492
13,3,Leonard,Rep,L.,Boswell,Leonard,LeonardBoswell,-0.684928703813465,-0.471475064184014,D,D,IA,29721,-0.572440285221023,M,M,Boswell (D IA-3),B000652,1.62129543055
36,7,Charles,Rep,,Boustany,Charles,RepBoustany,0.682050208149647,0.942494610286146,R,R,LA,20514,0.819589102980325,M,M,Boustany Jr. (R LA-7),B001255,1.77477311935
17,1,Robert,Rep,A.,Brady,Robert,RepBrady,-1.23318565575182,-0.910157869573169,D,D,PA,29777,-1.07805407753975,M,M,Brady (D PA-1),B001227,1.6030944156
25,8,Kevin,Rep,P.,Brady,Kevin,RepKevinBrady,1.10598006013331,1.49339799395716,R,R,TX,29760,1.31012828995323,M,M,Brady (R TX-8),B000755,2.20701425076
46,1,Bruce,Rep,,Braley,Bruce,brucebraley,-1.19758012219129,-0.878185618043848,D,D,IA,20719,-1.05087619231872,M,M,Braley (D IA-1),B001259,1.44069369352
12,5,Mo,Rep,,Brooks,Mo,RepMoBrooks,0.765880814428246,1.03090544702213,R,R,AL,NA,0.906983783117246,M,M,Brooks (R AL-5),B001274,2.64202504556
25,10,Paul,Rep,C.,Broun,Paul,RepPaulBrounMD,1.08789562504688,1.44757492100409,R,R,GA,20753,1.25837929456186,M,M,Broun (R GA-10),B001262,3.41620019232
22,13,Vern,Rep,,Buchanan,Vern,VernBuchanan,0.548580207928493,0.796968915340168,R,R,FL,20709,0.675133546712686,M,M,Buchanan (R FL-13),B001260,3.78142186301
6,8,Larry,Rep,,Bucshon,Larry,RepLarryBucshon,0.629283813066524,0.879589148504431,R,R,IN,NA,0.756525845658757,M,M,Bucshon (R IN-8),B001275,2.25649678868
7,25,Ann,Rep,,Buerkle,Ann Marie,RepBuerkle,0.893905020517562,1.1911343150023,R,R,NY,NA,1.05001932804897,F,F,Buerkle (R NY-25),B001276,1.77477311935
11,26,Michael,Rep,C.,Burgess,Michael,michaelcburgess,0.727760725860679,0.99018389233847,R,R,TX,20355,0.868093949620832,M,M,Burgess (R TX-26),B001248,2.66271273474
48,5,Dan,Rep,L.,Burton,Dan,RepDanBurton,1.10204850302705,1.48237286265954,R,R,IN,15013,1.28755332646011,M,M,Burton (R IN-5),B001149,2.88160679878
7,44,Ken,Rep,S.,Calvert,Ken,KenCalvert,0.577174704136928,0.82160203613145,R,R,CA,29323,0.705900577289343,M,M,Calvert (R CA-44),C000059,1.77477311935
11,4,David,Rep,Lee,Camp,Dave,RepDaveCamp,0.551175527612542,0.801995846945184,R,R,MI,15808,0.680118684251114,M,M,Camp (R MI-4),C000071,3.01941181839
46,48,John,Rep,B.T.,Campbell,John,RepJohnCampbell,0.773002512625343,1.04211887188781,R,R,CA,20539,0.910968744964365,M,M,Campbell (R CA-48),C001064,1.77477311935
8,23,Francisco,Rep,,Canseco,Francisco,RepCanseco,0.957973182128331,1.27135726312646,R,R,TX,NA,1.10865198110727,M,M,Canseco (R TX-23),C001082,2.17584324009
64,7,Eric,Rep,I.,Cantor,Eric,gopleader,0.810324358654927,1.0968801168936,R,R,VA,20144,0.962439029549629,M,M,Cantor (R VA-7),C001046,3.926375672
6,2,Shelley,Rep,Moore,Capito,Shelley,RepShelley,0.391036349429152,0.621696832960507,R,R,WV,20146,0.509507957958344,F,F,Capito (R WV-2),C001047,3.58642179756
34,18,Dennis,Rep,A.,Cardoza,Dennis,RepCardoza,-0.424049964890083,-0.234223666286493,D,D,CA,20306,-0.326679514872485,M,M,Cardoza (D CA-18),C001050,1.65709009169
15,3,John,Rep,Russell,Carnahan,Russ,RepCarnahan,-1.11466887383801,-0.822414213088012,D,D,MO,20516,-0.97278676578318,M,M,Carnahan (D MO-3),C001060,1.42824571768
21,31,John,Rep,R.,Carter,John,JudgeCarter,0.686260575803793,0.94949241355674,R,R,TX,20356,0.82449398333404,M,M,Carter (R TX-31),C001051,3.0238856574
4,1,Steven,Rep,J.,Chabot,Steven,RepSteveChabot,1.06388114070722,1.42012102711666,R,R,OH,29550,1.24329244917083,M,M,Chabot (R OH-1),C000266,1.92175247723
39,3,Jason,Rep,,Chaffetz,Jason,jasoninthehouse,0.933039383549612,1.25099415089382,R,R,UT,NA,1.09877698718651,M,M,Chaffetz (R UT-3),C001076,3.42704524667
15,32,Judy,Rep,M.,Chu,Judy,RepJudyChu,-1.69827971365055,-1.2442541755439,D,D,CA,NA,-1.47900788156475,F,F,Chu (D CA-32),C001080,1.64879234752
11,13,Hansen,Rep,,Clarke,Hansen,hansenclarke,-1.57177768293788,-1.15694349390684,D,D,MI,NA,-1.36182780456416,M,M,Clarke (D MI-13),C001085,1.51286489613
25,11,Yvette,Rep,D.,Clarke,Yvette,YvetteClarke,-2.00744512828857,-1.45652003678631,D,D,NY,20733,-1.72096098520785,F,F,Clarke (D NY-11),C001067,1.44497213969
24,5,Emanuel,Rep,,Cleaver,Emanuel,repcleaver,-1.25543521071683,-0.931678189214043,D,D,MO,20517,-1.09928006963071,M,M,Cleaver II (D MO-5),C001061,1.70865412759
13,6,James,Rep,E.,Clyburn,James,clyburn,-1.12601640435515,-0.831352337836058,D,D,SC,39301,-0.968946882397494,M,M,Clyburn (D SC-6),C000537,1.34825201193
9,6,Mike,Rep,,Coffman,Mike,RepMikeCoffman,0.742406813558683,1.00879873267009,R,R,CO,NA,0.868956024847068,M,M,Coffman (R CO-6),C001077,3.57234477305
28,9,Steve,Rep,,Cohen,Steve,repcohen,-1.3486597673214,-1.00732041780538,D,D,TN,20748,-1.16922490717895,M,M,Cohen (D TN-9),C001068,1.77477311935
31,14,John,Rep,,Conyers,John,repjohnconyers,-1.36551635653706,-1.01488851198631,D,D,MI,10713,-1.18680250020765,M,M,Conyers Jr. (D MI-14),C000714,-0.709218433577
15,5,Jim,Rep,,Cooper,Jim,repjimcooper,-0.502658427759209,-0.302237803664092,D,D,TN,15018,-0.402136031765348,M,M,Cooper (D TN-5),C000754,1.91738631002
25,12,Jerry,Rep,F.,Costello,Jerry,jerrycostello,-0.546545250149895,-0.347349059608363,D,D,IL,15452,-0.443477398290488,M,M,Costello (D IL-12),C000794,1.40133819583
9,2,Joseph,Rep,D.,Courtney,Joe,connecticutjoe,-1.14710305311305,-0.843823804225167,D,D,CT,20706,-0.99605948400509,M,M,Courtney (D CT-2),C001069,1.00274313362
9,8,Chip,Rep,,Cravaack,Chip,RepChipCravaack,0.5713872047681,0.816450543102599,R,R,MN,NA,0.690034932099992,M,M,Cravaack (R MN-8),C001086,2.11574909562
10,1,Rick,Rep,,Crawford,Rick,RepRickCrawford,0.59026662808668,0.844919234162755,R,R,AR,NA,0.726107645241751,M,M,Crawford (R AR-1),C001087,2.09556911618
9,4,Ander,Rep,,Crenshaw,Ander,AnderCrenshaw,0.523957701337214,0.772134431167352,R,R,FL,20111,0.64474445867843,M,M,Crenshaw (R FL-4),C001045,2.28630567808
8,12,Mark,Rep,S.,Critz,Mark,RepMarkCritz,-0.469998262494038,-0.277199633707819,D,D,PA,NA,-0.377278015580541,M,M,Critz (D PA-12),C001081,1.58578349635
39,7,Joseph,Rep,,Crowley,Joseph,repjoecrowley,-1.50600567801184,-1.1022864884298,D,D,NY,29925,-1.28871688990631,M,M,Crowley (D NY-7),C001038,1.20424293905
6,28,Henry,Rep,,Cuellar,Henry,RepCuellar,-0.409306919631423,-0.221883323926618,D,D,TX,20533,-0.317479516929751,M,M,Cuellar (D TX-28),C001063,0.969020262459
69,7,John,Rep,A.,Culberson,John,congculberson,0.829020808613733,1.10768082925678,R,R,TX,20139,0.968093763416294,M,M,Culberson (R TX-7),C001048,2.57482342537
7,4,Geoff,Rep,,Davis,Geoff,RepGeoffDavis,0.540188858588983,0.793694834039006,R,R,KY,20511,0.671759328236444,M,M,Davis (R KY-4),D000603,4.1891842836
26,4,Peter,Rep,A.,DeFazio,Peter,RepPeterDeFazio,-0.933413450836863,-0.677130515136827,D,D,OR,15409,-0.79884301080837,M,M,DeFazio (D OR-4),D000191,1.36030103944
16,1,Diana,Rep,L.,DeGette,Diana,RepDianaDeGette,-1.47993664044653,-1.08329543945193,D,D,CO,29710,-1.2798717673371,F,F,DeGette (D CO-1),D000197,1.3084033444
11,3,Rosa,Rep,L.,DeLauro,Rosa,rosadelauro,-1.4934216659114,-1.09884845691776,D,D,CT,15813,-1.29421878054315,F,F,DeLauro (D CT-3),D000216,0.159366748015
21,19,Jeff,Rep,,Denham,Jeffrey,RepJeffDenham,0.664668028744659,0.925421930487,R,R,CA,NA,0.799487885505924,M,M,Denham (R CA-19),D000612,2.7609883749
5,4,Scott,Rep,,DesJarlais,Scott,tndesjarlais,0.765386366697124,1.0351530339678,R,R,TN,NA,0.898338870807292,M,M,DesJarlais (R TN-4),D000616,2.55990939322
37,19,Ted,Rep,,Deutch,Ted,repteddeutch,-1.43412555789319,-1.04064799561746,D,D,FL,NA,-1.23483764503749,M,M,Deutch (D FL-19),D000610,1.47021162245
21,21,Mario,Rep,,Diaz-Balart,Mario,MarioDB,0.350964619736886,0.576899242930823,R,R,FL,20316,0.465119897332106,M,M,Diaz-Balart (R FL-21),D000600,1.7389784582
14,6,Norman,Rep,D.,Dicks,Norman,RepNormDicks,-1.02497800052977,-0.747649980937469,D,D,WA,14413,-0.885422996101327,M,M,Dicks (D WA-6),D000327,1.01543861792
29,15,John,Rep,D.,Dingell,John,john_dingell,-1.02306705651248,-0.749243970338555,D,D,MI,2605,-0.886155653018847,M,M,Dingell (D MI-15),D000355,1.48840799259
19,25,Lloyd,Rep,A.,Doggett,Lloyd,RepLloydDoggett,-1.22027499722459,-0.903377616604987,D,D,TX,29571,-1.0543887586543,M,M,Doggett (D TX-25),D000399,1.77477311935
16,10,Robert,Rep,,Dold,Robert,RepDold,0.229100100440187,0.435046636555605,R,R,IL,NA,0.332276332219471,M,M,Dold (R IL-10),D000613,1.91254826173
4,2,Joe,Rep,,Donnelly,Joe,RepDonnelly,-0.404650161397835,-0.208477598501618,D,D,IN,20717,-0.303296007953865,M,M,Donnelly (D IN-2),D000607,1.64784239823
20,14,Michael,Rep,F.,Doyle,Mike,USRepMikeDoyle,-1.14578198837443,-0.852555627650836,D,D,PA,29561,-0.99424539904933,M,M,Doyle (D PA-14),D000482,1.77477311935
12,7,Sean,Rep,,Duffy,Sean,RepSeanDuffy,0.628785543292035,0.885815795674353,R,R,WI,NA,0.762887499261952,M,M,Duffy (R WI-7),D000614,2.74846859763
11,4,Donna,Rep,,Edwards,Donna,repdonnaedwards,-1.7116305799853,-1.24997646241543,D,D,MD,NA,-1.47915319202049,F,F,Edwards (D MD-4),E000290,0.779459336837
94,5,Keith,Rep,M.,Ellison,Keith,keithellison,-2.10936745260056,-1.5067431325088,D,D,MN,20727,-1.81406184298218,M,M,Ellison (D MN-5),E000288,1.33896215859
6,2,Renee,Rep,,Ellmers,Renee,RepReneeEllmers,0.75438812976253,1.02054336210581,R,R,NC,NA,0.880987374014797,F,F,Ellmers (R NC-2),E000291,1.77477311935
57,14,Anna,Rep,G.,Eshoo,Anna,RepAnnaEshoo,-1.219612844212,-0.892860856316799,D,D,CA,29312,-1.06120634858832,F,F,Eshoo (D CA-14),E000215,1.63856855883
16,17,Sam,Rep,,Farr,Sam,RepSamFarr,-1.44996356062427,-1.08442495198148,D,D,CA,29313,-1.2613782047033,M,M,Farr (D CA-17),F000030,1.77477311935
33,2,Chaka,Rep,,Fattah,Chaka,chakafattah,-1.26051044336473,-0.939291166873644,D,D,PA,29559,-1.0941866383601,M,M,Fattah (D PA-2),F000043,1.37980309723
61,51,Bob,Rep,,Filner,Bob,CongBobFilner,-2.68650341005469,-1.87218181174216,D,D,CA,29325,-2.24446542176109,M,M,Filner (D CA-51),F000116,1.7389784582
7,8,Stephen,Rep,,Fincher,Stephen,RepFincherTN08,0.770589314800436,1.03508402112605,R,R,TN,NA,0.902611324226964,M,M,Fincher (R TN-8),F000458,2.49024169068
12,8,Michael,Rep,,Fitzpatrick,Michael,RepFitzpatrick,0.196935569340241,0.396988629452702,R,R,PA,20524,0.29259781815913,M,M,Fitzpatrick (R PA-8),F000451,1.97794036824
31,6,Jeff,Rep,,Flake,Jeff,JeffFlake,1.03460694671446,1.38337508053027,R,R,AZ,20100,1.2123213124497,M,M,Flake (R AZ-6),F000444,2.16498774633
4,3,Chuck,Rep,,Fleischmann,Chuck,RepChuck,0.769384277214642,1.046385031809,R,R,TN,NA,0.915668860282366,M,M,Fleischmann (R TN-3),F000459,2.83434034181
8,4,John,Rep,,Fleming,John,RepFleming,1.05041720063995,1.40132753159556,R,R,LA,NA,1.22396437275649,M,M,Fleming (R LA-4),F000456,2.04370886395
13,17,Bill,Rep,,Flores,Bill,RepFlores,0.92969604201528,1.23742711901191,R,R,TX,NA,1.08817411740832,M,M,Flores (R TX-17),F000461,3.41291260951
9,4,James,Rep,Randy,Forbes,J.,Randy_Forbes,0.542879361131314,0.787669195223296,R,R,VA,20143,0.671077204900244,M,M,Forbes (R VA-4),F000445,3.30109503605
15,1,Jeff,Rep,,Fortenberry,Jeff,JeffFortenberry,0.300910942135709,0.511502870754357,R,R,NE,20518,0.408837221414961,M,M,Fortenberry (R NE-1),F000449,3.26935862284
6,5,Virginia,Rep,Ann,Foxx,Virginia,virginiafoxx,1.00943227518966,1.33739581615078,R,R,NC,20521,1.16793038553972,F,F,Foxx (R NC-5),F000450,2.49277763681
11,2,Trent,Rep,,Franks,Trent,RepTrentFranks,1.00201360033752,1.32793513792021,R,R,AZ,20304,1.165029548829,M,M,Franks (R AZ-2),F000448,3.67454552649
116,11,Rodney,Rep,P.,Frelinghuysen,Rodney,RodneyforNJ,0.373308596902525,0.616866666331037,R,R,NJ,29541,0.490143287344012,M,M,Frelinghuysen (R NJ-11),F000372,2.05794976531
10,11,Marcia,Rep,L.,Fudge,Marcia,marciafudge,-1.63251471775709,-1.20178345598385,D,D,OH,NA,-1.41391545563372,F,F,Fudge (D OH-11),F000455,1.75065249474
14,24,Elton,Rep,W.,Gallegly,Elton,eltongallegly24,0.655388911533208,0.908678645579966,R,R,CA,15412,0.780680544405646,M,M,Gallegly (R CA-24),G000021,1.61204773709
34,10,John,Rep,,Garamendi,John,garamendica10,-1.51271862694758,-1.12340898530944,D,D,CA,NA,-1.30431488958728,M,M,Garamendi (D CA-10),G000559,NA
6,4,Cory,Rep,,Gardner,Cory,RepCory,0.656623950546054,0.918292875817292,R,R,CO,NA,0.791255384544143,M,M,Gardner (R CO-4),G000562,2.12620770095
13,6,Jim,Rep,,Gerlach,Jim,JimGerlach,0.249298989550586,0.454122710016291,R,R,PA,20345,0.356034119104227,M,M,Gerlach (R PA-6),G000549,2.23196070237
6,18,Bob,Rep,,Gibbs,Bob,Bob_gibbs,0.7270049518846,0.990457112825052,R,R,OH,NA,0.855464597519391,M,M,Gibbs (R OH-18),G000563,1.92175247723
6,20,Christopher,Rep,,Gibson,Chris,RepChrisGibson,0.16763463996534,0.364213104038282,R,R,NY,NA,0.275448823740996,M,M,Gibson (R NY-20),G000564,2.63607513271
684,8,Gabrielle,Rep,,Giffords,Gabrielle,Rep_Giffords,-2.01739130540915,-0.173451580015947,D,D,AZ,20701,-1.050211472975,F,F,Giffords (D AZ-8),G000554,1.41341213085
51,11,Phil,Rep,,Gingrey,Phil,RepPhilGingrey,0.882422778440597,1.17047680249928,R,R,GA,20319,1.026735501701,M,M,Gingrey (R GA-11),G000550,4.19202951821
53,1,Louis,Rep,,Gohmert,Louie,replouiegohmert,0.741892541346801,1.00571466843043,R,R,TX,20527,0.868184034011501,M,M,Gohmert (R TX-1),G000552,2.28980111524
6,6,Robert,Rep,W.,Goodlatte,Robert,RepGoodlatte,0.819729284037373,1.09075823156816,R,R,VA,39308,0.957820568994813,M,M,Goodlatte (R VA-6),G000289,2.18667213232
8,1,Paul,Rep,,Gosar,Paul,RepGosar,0.666200684113442,0.922930086441315,R,R,AZ,NA,0.792906965435058,M,M,Gosar (R AZ-1),G000565,2.42442361969
21,12,Kay,Rep,,Granger,Kay,RepKayGranger,0.58057529591517,0.834592903731444,R,R,TX,29762,0.717297514171336,F,F,Granger (R TX-12),G000377,3.20939079641
8,9,John,Rep,Thomas,Graves,Tom,reptomgraves,1.22762923080322,1.66536460268972,R,R,GA,NA,1.4447052712588,M,M,Graves (R GA-9),G000560,4.85522494171
27,29,Al,Rep,,Green,Gene,RepAlGreen,-0.48757072356043,-0.289292134485395,D,D,TX,39304,-0.385908697916728,M,M,Green (D TX-29),G000410,1.83458751139
14,9,Al,Rep,,Green,Al,RepAlGreen,-0.77108812481407,-0.541259282506247,D,D,TX,20529,-0.662321043623978,M,M,Green (D TX-9),G000553,1.83458751139
27,29,Raymond,Rep,Eugene,Green,Gene,RepGeneGreen,-0.48757072356043,-0.289292134485395,D,D,TX,39304,-0.385908697916728,M,M,Green (D TX-29),G000410,1.77477311935
14,9,Raymond,Rep,Eugene,Green,Al,RepGeneGreen,-0.77108812481407,-0.541259282506247,D,D,TX,20529,-0.662321043623978,M,M,Green (D TX-9),G000553,1.77477311935
6,2,Tim,Rep,,Griffin,Tim,RepTimGriffin,0.704431318098876,0.968035929248571,R,R,AR,NA,0.838710606772909,M,M,Griffin (R AR-2),G000567,5.16024979123
22,9,Morgan,Rep,,Griffith,Morgan,RepMGriffith,0.720746105533614,0.971850699394364,R,R,VA,NA,0.845333688203912,M,M,Griffith (R VA-9),G000568,2.21432161863
40,7,Raul,Rep,M.,Grijalva,Raúl,repraulgrijalva,-1.51767972853021,-1.12339100626139,D,D,AZ,20305,-1.31804452584412,M,M,Grijalva (D AZ-7),G000551,1.43060577631
14,1,Frank,Rep,,Guinta,Frank,frankguinta,0.719654079202981,0.98907385680919,R,R,NH,NA,0.862858713546469,M,M,Guinta (R NH-1),G000570,2.0795035251
63,4,Luis,Rep,V.,Gutierrez,Luis,repgutierrez,-1.38220290860853,-1.01671793625575,D,D,IL,29348,-1.2027954888248,M,M,Gutierrez (D IL-4),G000535,1.64879234752
13,1,Colleen,Rep,,Hanabusa,Colleen,colleenhanabusa,-1.30376420844874,-0.958587412788068,D,D,HI,NA,-1.12903246847603,F,F,Hanabusa (D HI-1),H001050,1.36311524557
31,24,Richard,Rep,,Hanna,Richard,RepRichardHanna,0.198101764145846,0.400003181869384,R,R,NY,NA,0.295133838076945,M,M,Hanna (R NY-24),H001051,1.32192596671
606,36,Jane,Rep,,Harman,Jane,RepJaneHarman,-1.09043721453057,-0.552883569450873,D,D,CA,29318,-0.808833248678956,F,F,Harman (D CA-36),H000213,1.45799796633
8,3,Gregg,Rep,,Harper,Gregg,GreggHarper,0.651957668737605,0.906736651050652,R,R,MS,NA,0.784582412448076,M,M,Harper (R MS-3),H001045,3.50559235116
6,4,Vicky,Rep,,Hartzler,Vicky,RepHartzler,0.82999868486825,1.11339736289255,R,R,MO,NA,0.976454056212615,F,F,Hartzler (R MO-4),H001053,2.0795035251
7,19,Nan,Rep,,Hayworth,Nan,RepNanHayworth,0.39033010451549,0.61680501266761,R,R,NY,NA,0.510605912079394,F,F,Hayworth (R NY-19),H001054,1.77477311935
4,3,Joe,Rep,,Heck,Joe,heck4nevada,0.391132460061815,0.622106042093912,R,R,NV,NA,0.503245942505027,M,M,Heck (R NV-3),H001055,1.77477311935
404,2,Dean,Rep,,Heller,Dean,DeanHeller,0.638952627900015,1.0270662392371,R,R,NV,20730,0.816137900796488,M,M,Heller (R NV-2),H001041,2.43364360285
6,5,Jeb,Rep,,Hensarling,Jeb,RepHensarling,1.18408247231611,1.61580066153401,R,R,TX,20352,1.40439583191717,M,M,Hensarling (R TX-5),H001036,2.91979277545
11,3,Jaime,Rep,,Herrera,Jaime,herrerabeutler,0.487959088638885,0.732313783526797,R,R,WA,NA,0.613518050222573,F,F,Herrera Beutler (R WA-3),H001056,1.77477311935
15,27,Brian,Rep,M.,Higgins,Brian,RepBrianHiggins,-1.12181336346133,-0.816421252540837,D,D,NY,20519,-0.970222010539152,M,M,Higgins (D NY-27),H001038,1.03719881405
8,4,Jim,Rep,,Himes,Jim,jahimes,-0.861657238441388,-0.622174911865729,D,D,CT,NA,-0.741521038877962,M,M,Himes (D CT-4),H001047,1.77477311935
212,22,Maurice,Rep,D.,Hinchey,Maurice,mauricehinchey,-1.58334998445303,-1.12215690885469,D,D,NY,29380,-1.36136752453674,M,M,Hinchey (D NY-22),H000627,1.2640573311
98,15,Ruben,Rep,E.,Hinojosa,Rubén,USRepRHinojosa,-0.736341407768854,-0.501361735291067,D,D,TX,29763,-0.609023899662629,M,M,Hinojosa (D TX-15),H000636,1.77477311935
32,2,Mazie,Rep,K.,Hirono,Mazie,maziehirono,-1.70841133177997,-1.25356449534385,D,D,HI,20713,-1.48178279417938,F,F,Hirono (D HI-2),H001042,1.33896215859
51,17,Tim,Rep,,Holden,Tim,RepTimHolden,-0.386416678648291,-0.194465979725783,D,D,PA,29396,-0.286309920782016,M,M,Holden (D PA-17),H000712,1.81495769824
6,12,Rush,Rep,D.,Holt,Rush,rushholt,-1.55985895369388,-1.160143852642,D,D,NJ,29923,-1.35380665420023,M,M,Holt (D NJ-12),H001032,1.64784239823
29,15,Michael,Rep,M.,Honda,Michael,RepMikeHonda,-1.83994692880519,-1.33475495854565,D,D,CA,20103,-1.58397783488506,M,M,Honda (D CA-15),H001034,1.49004596669
47,5,Steny,Rep,H.,Hoyer,Steny,leaderhoyer,-1.19364377804358,-0.880346414720141,D,D,MD,14873,-1.02663519353445,M,M,Hoyer (D MD-5),H000874,NA
6,1,Tim,Rep,,Huelskamp,Tim,conghuelskamp,0.910938821722349,1.22234282045527,R,R,KS,NA,1.07836835878877,M,M,Huelskamp (R KS-1),H001057,2.68902450178
8,2,Bill,Rep,,Huizenga,Bill,rephuizenga,0.98352532303215,1.30015063450705,R,R,MI,NA,1.14065745029725,M,M,Huizenga (R MI-2),H001058,4.18098832303
7,14,Randy,Rep,,Hultgren,Randy,randyhultgren,0.670562351953725,0.932983532498449,R,R,IL,NA,0.804663076083263,M,M,Hultgren (R IL-14),H001059,2.26697883154
17,5,Robert,Rep,,Hurt,Robert,RepRobertHurt,0.934318138853571,1.25339289170423,R,R,VA,NA,1.09708866296652,M,M,Hurt (R VA-5),H001060,3.56856879599
10,2,Steve,Rep,J.,Israel,Steve,RepSteveIsrael,-1.15293100840654,-0.845315579113116,D,D,NY,20129,-1.00286008898248,M,M,Israel (D NY-2),I000057,1.29149445089
12,49,Darrell,Rep,,Issa,Darrell,DarrellIssa,0.878237118502179,1.17124776610058,R,R,CA,20107,1.02574461109062,M,M,Issa (R CA-49),I000056,3.003254068
27,18,Sheila,Rep,,Jackson Lee,Sheila,JacksonLeeTX18,-0.902221126619158,-0.658413448654591,D,D,TX,29573,-0.780449943948755,F,F,Jackson-Lee (D TX-18),J000032,1.64879234752
4,2,Lynn,Rep,M.,Jenkins,Lynn,RepLynnJenkins,0.842295977701125,1.12640236981118,R,R,KS,NA,0.99096152567552,F,F,Jenkins (R KS-2),J000290,3.7074625855
35,4,Henry,Rep,C.,Johnson,Hank,RepHankJohnson,-1.35887142696018,-0.990901961428292,D,D,GA,20712,-1.17121380902733,M,M,Johnson (D GA-4),J000288,1.79682096036
27,15,Timothy,Rep,V.,Johnson,Timothy,RepTimJohnson,0.253401391347355,0.456058334679616,R,R,IL,20116,0.355192336007061,M,M,Johnson (R IL-15),J000285,1.77477311935
6,6,Bill,Rep,,Johnson,Bill,repbilljohnson,0.772635755175018,1.04329747417567,R,R,OH,NA,0.917616300053674,M,M,Johnson (R OH-6),J000292,1.92175247723
17,30,Eddie,Rep,Bernice,Johnson,Eddie,RepEBJ,-1.14001700703145,-0.84439608842167,D,D,TX,39305,-0.99657435722147,F,F,Johnson (D TX-30),J000126,0.989171429553
60,3,Eddie,Rep,Bernice,Johnson,Sam,RepEBJ,1.06519278553188,1.4158483083257,R,D,TX,15843,1.23425461597834,M,F,Johnson (R TX-3),J000174,0.989171429553
13,3,Walter,Rep,Beaman,Jones,Walter,RepWalterJones,0.00578488059839911,0.190423846782471,R,R,NC,29546,0.0979839007428505,M,M,Jones (R NC-3),J000255,2.05303552208
23,4,James,Rep,,Jordan,Jim,Jim_Jordan,1.2756149070115,1.77060693166579,R,R,OH,20738,1.52485961068425,M,M,Jordan (R OH-4),J000289,3.94113010126
35,10,Bill,Rep,,Keating,Bill,USRep_Keating,-1.11031519844303,-0.816655160696225,D,D,MA,NA,-0.969833584941535,M,M,Keating (D MA-10),K000375,1.66303506833
11,3,Ronald,Rep,James,Kind,Ron,repronkind,-0.924595272272426,-0.671421447432799,D,D,WI,29769,-0.796168213684328,M,M,Kind (D WI-3),K000188,1.13088016532
33,5,Steve,Rep,A.,King,Steve,SteveKingPress,0.704791252070186,0.964966174449009,R,R,IA,20325,0.834445650519998,M,M,King (R IA-5),K000362,NA
12,3,Peter,Rep,T.,King,Peter,RepPeteKing,0.348797888636455,0.570535061598635,R,R,NY,29375,0.459387117363437,M,M,King (R NY-3),K000210,1.85788588947
15,1,Jack,Rep,,Kingston,Jack,JackKingston,0.771512946681793,1.03529985069216,R,R,GA,29338,0.907094299461003,M,M,Kingston (R GA-1),K000220,2.34251638433
9,11,Adam,Rep,,Kinzinger,Adam,RepKinzinger,0.428658210485338,0.659822704414418,R,R,IL,NA,0.550397365572996,M,M,Kinzinger (R IL-11),K000378,1.86670926271
4,2,John,Rep,P.,Kline,John,repjohnkline,0.871028422945777,1.17158998949183,R,R,MN,20333,1.02540760553892,M,M,Kline (R MN-2),K000363,2.10832901579
9,10,Dennis,Rep,J.,Kucinich,Dennis,Dennis_Kucinich,-1.29601088295064,-0.962203648145193,D,D,OH,29748,-1.12503268344123,M,M,Kucinich (D OH-10),K000336,1.6275785125
25,1,Raul,Rep,,Labrador,Raul,Raul_Labrador,0.875358473997172,1.17203859304547,R,R,ID,NA,1.02011200822322,M,M,Labrador (R ID-1),L000573,2.2071644395
43,3,Jeff,Rep,,Landry,Jeff,repjefflandry,0.90908855135266,1.2166969718057,R,R,LA,NA,1.06778248064739,M,M,Landry (R LA-3),L000574,2.01402376021
18,2,James,Rep,R.,Langevin,Jim,jimlangevin,-1.18033652776624,-0.874045957770934,D,D,RI,20136,-1.02130275710886,M,M,Langevin (D RI-2),L000559,1.77477311935
6,5,James,Rep,,Lankford,James,replankford,0.898505050023537,1.20023757947403,R,R,OK,NA,1.06075550310424,M,M,Lankford (R OK-5),L000575,2.00762227987
9,2,Rick,Rep,,Larsen,Rick,larsenrick,-0.903090524828216,-0.651139509805322,D,D,WA,20145,-0.77347737097393,M,M,Larsen (D WA-2),L000560,1.19472835559
43,1,John,Rep,B.,Larson,John,repjohnlarson,-1.31526952486538,-0.980643657599,D,D,CT,29908,-1.15039151235544,M,M,Larson (D CT-1),L000557,1.44009316892
11,4,Thomas,Rep,P.,Latham,Tom,TomLatham,0.456479896501763,0.689379975750452,R,R,IA,29522,0.577723853458679,M,M,Latham (R IA-4),L000111,2.48193562394
19,14,Steven,Rep,C.,LaTourette,Steven,LaTourette14,0.198308293273198,0.395954651172602,R,R,OH,29553,0.300475230782311,M,M,LaTourette (R OH-14),L000553,NA
5,5,Robert,Rep,Edward,Latta,Robert,boblatta,0.963502660308112,1.29033485429571,R,R,OH,99998,1.13559534612661,M,M,Latta (R OH-5),L000566,4.35993102296
668,26,Christopher,Rep,J.,Lee,Christopher,chrislee_ny26,0.210480117596012,2.39304465771644,R,R,NY,NA,1.10603871999103,M,M,Lee (R NY-26),L000568,NA
5,12,Sander,Rep,M.,Levin,Sander,repsandylevin,-1.21973796330458,-0.910072074118983,D,D,MI,15032,-1.05184222889729,M,M,Levin (D MI-12),L000263,1.77477311935
7,41,Jerry,Rep,,Lewis,Jerry,RepJerryLewis,0.498614364246945,0.739237229560951,R,R,CA,14644,0.619652867114736,M,M,Lewis (R CA-41),L000274,1.94008428549
24,5,John,Rep,R.,Lewis,John,RepJohnLewis,-1.86459458920497,-1.34362216395917,D,D,GA,15430,-1.6077320143109,M,M,Lewis (D GA-5),L000287,1.40026557183
4,2,Frank,Rep,A.,LoBiondo,Frank,RepLoBiondo,0.192095994656253,0.389011666970519,R,R,NJ,29539,0.297702283961672,M,M,LoBiondo (R NJ-2),L000554,1.64784239823
54,7,Billy,Rep,,Long,Billy,BillyLongMO7,1.03607616069052,1.39787388170802,R,R,MO,NA,1.21621591342595,M,M,Long (R MO-7),L000576,2.39260075255
9,18,Nita,Rep,M.,Lowey,Nita,NitaLowey,-1.2619659400355,-0.9225390104961,D,D,NY,15614,-1.09842554721901,F,F,Lowey (D NY-18),L000480,1.44958688112
22,3,Ben,Rep,Ray,Lujan,Ben,repbenraylujan,-1.19936928050491,-0.875564229688342,D,D,NM,NA,-1.04620232601288,M,M,Lujan (D NM-3),L000570,1.19249297897
30,1,Cynthia,Rep,M.,Lummis,Cynthia,CynthiaLummis,0.746242227015569,1.00663702168434,R,R,WY,NA,0.884754264256501,F,F,Lummis (R WY-1),L000571,3.6233383516
25,14,Connie,Rep,,Mack,Connie,RepConnieMack,0.989482578552529,1.318080031196,R,R,FL,20503,1.15505688296048,M,M,Mack (R FL-14),M001155,1.93925130498
26,14,Carolyn,Rep,B.,Maloney,Carolyn,carolynbmaloney,-1.52383513430293,-1.11835484524299,D,D,NY,29379,-1.31266709469476,F,F,Maloney (D NY-14),M000087,0.832380131868
47,16,Donald,Rep,A.,Manzullo,Donald,donmanzullo,0.790320093393355,1.07369779388525,R,R,IL,29349,0.942232775475404,M,M,Manzullo (R IL-16),M001138,2.47961283205
45,24,Kenny,Rep,E.,Marchant,Kenny,RepKenMarchant,0.87900927063943,1.17105237348125,R,R,TX,20532,1.01775792240074,M,M,Marchant (R TX-24),M001158,5.0170143551
7,10,Thomas,Rep,,Marino,Tom,RepTomMarino,0.669186267307288,0.934323743888873,R,R,PA,NA,0.801367648089753,M,M,Marino (R PA-10),M001179,2.40156205935
24,7,Edward,Rep,J.,Markey,Edward,markeymemo,-1.93967038972392,-1.40560084722496,D,D,MA,14435,-1.69057158638797,M,M,Markey (D MA-7),M000133,1.77477311935
9,2,Jim,Rep,,Matheson,Jim,RepJimMatheson,-0.263344379667364,-0.079219370415544,D,D,UT,20140,-0.170177248494496,M,M,Matheson (D UT-2),M001142,1.96897906144
6,5,Doris,Rep,O.,Matsui,Doris,DorisMatsui,-1.51069057659091,-1.11191602551831,D,D,CA,20538,-1.3084915104544,F,F,Matsui (D CA-5),M001163,1.64879234752
10,22,Kevin,Rep,,McCarthy,Kevin,GOPWhip,0.84524311935539,1.12675235041358,R,R,CA,20703,0.99161819052538,M,M,McCarthy (R CA-22),M001165,4.28172359298
91,4,Carolyn,Rep,,McCarthy,Carolyn,RepMcCarthyNY,-0.948587250738136,-0.686183652948383,D,D,NY,29744,-0.816666294832496,F,F,McCarthy (D NY-4),M000309,1.06984083645
8,10,Michael,Rep,T.,McCaul,Michael,McCaulPressShop,0.658260169157617,0.919587484008467,R,R,TX,20530,0.796869148738241,M,M,McCaul (R TX-10),M001157,2.44477898469
5,4,Tom,Rep,,McClintock,Tom,RepMcClintock,0.762901265206191,1.02156960045734,R,R,CA,NA,0.893001359916708,M,M,McClintock (R CA-4),M001177,1.91328080593
56,11,Thaddeus,Rep,G.,McCotter,Thaddeus,ThadMcCotter,0.445376977399791,0.693979072434714,R,R,MI,20332,0.58143828646105,M,M,McCotter (R MI-11),M001147,2.12012899107
31,7,James,Rep,A.,McDermott,Jim,RepJimMcDermott,-1.74516709370625,-1.27248056342776,D,D,WA,15616,-1.48900146038976,M,M,McDermott (D WA-7),M000404,0.937822317695
5,3,James,Rep,P.,McGovern,Jim,RepMcGovern,-1.88968543854026,-1.36370698991953,D,D,MA,29729,-1.6267894855764,M,M,McGovern (D MA-3),M000312,1.61786815022
15,10,Patrick,Rep,T.,McHenry,Patrick,PatrickMcHenry,1.12825756030422,1.5197381243214,R,R,NC,20522,1.33263791975477,M,M,McHenry (R NC-10),M001156,3.71519368992
24,7,Mike,Rep,,McIntyre,Mike,repmikemcintyre,-0.354859386658548,-0.170768516650322,D,D,NC,29746,-0.261781911051515,M,M,McIntyre (D NC-7),M000485,2.05383058783
8,25,Howard,Rep,P.,McKeon,Howard,BuckMcKeon,0.591681053777735,0.835076926590663,R,R,CA,29315,0.708400149314761,M,M,McKeon (R CA-25),M000508,1.77477311935
13,1,David,Rep,,McKinley,David,RepMcKinley,0.373404319425708,0.603035057566886,R,R,WV,NA,0.50284807997771,M,M,McKinley (R WV-1),M001180,2.27370946719
18,5,Cathy,Rep,,McMorris-Rodgers,Cathy,cathymcmorris,0.709118996945256,0.975067652520765,R,R,WA,20535,0.845487464374578,F,F,McMorris Rodgers (R WA-5),M001159,4.21244983123
9,11,Gerald,Rep,,McNerney,Jerry,jerrymcnerney,-1.09321619944503,-0.801315915879629,D,D,CA,20702,-0.948909361333805,M,M,McNerney (D CA-11),M001166,2.02847659888
7,7,Patrick,Rep,,Meehan,Pat,patmeehanpa,0.246106848859699,0.455119394372621,R,R,PA,NA,0.35274728262702,M,M,Meehan (R PA-7),M001181,2.62587055719
79,6,Gregory,Rep,W.,Meeks,Gregory,GregoryMeeks,-1.27206320260676,-0.931019588685667,D,D,NY,29776,-1.09267215817467,M,M,Meeks (D NY-6),M001137,1.81115350167
8,2,Michael,Rep,H.,Michaud,Michael,RepMikeMichaud,-0.906583908574219,-0.654082772032535,D,D,ME,20328,-0.77457178635901,M,M,Michaud (D ME-2),M001149,1.70501802505
16,42,Gary,Rep,G.,Miller,Gary,repgarymiller,1.00626047814649,1.34569075410673,R,R,CA,29905,1.18638557604257,M,M,Miller (R CA-42),M001139,1.77477311935
24,7,Gary,Rep,G.,Miller,George,repgarymiller,-1.55080826918136,-1.14270041616698,D,R,CA,14256,-1.34617885327628,M,M,Miller (D CA-7),M000725,1.77477311935
16,42,George,Rep,,Miller,Gary,askgeorge,1.00626047814649,1.34569075410673,R,D,CA,29905,1.18638557604257,M,M,Miller (R CA-42),M001139,1.47679312587
24,7,George,Rep,,Miller,George,askgeorge,-1.55080826918136,-1.14270041616698,D,D,CA,14256,-1.34617885327628,M,M,Miller (D CA-7),M000725,1.47679312587
6,1,Jeff,Rep,,Miller,Jeff,CongJeffMiller,1.0850502408861,1.4643516181156,R,R,FL,20110,1.26932802231992,M,M,Miller (R FL-1),M001144,2.61378550969
4,10,Candice,Rep,S.,Miller,Candice,CandiceMiller,0.545644841440735,0.783664082060471,R,R,MI,20331,0.667447380027239,F,F,Miller (R MI-10),M001150,1.90428962434
35,4,Gwendolynne,Rep,S.,Moore,Gwen,RepGwenMoore,-1.62868165431869,-1.18597516110458,D,D,WI,20537,-1.40043859151113,F,F,Moore (D WI-4),M001160,1.62129543055
23,8,James,Rep,P.,Moran,James,Jim_Moran,-1.27990748146683,-0.947249279460861,D,D,VA,15826,-1.11634696832523,M,M,Moran (D VA-8),M000933,1.5444522287
11,5,John ,Rep,Michael,Mulvaney,Mick,mickmulvaney,0.994723847461475,1.31559750177908,R,R,SC,NA,1.15956411738216,M,M,Mulvaney (R SC-5),M001182,2.20316082705
9,18,Tim,Rep,,Murphy,Tim,RepTimMurphy,0.523591601689249,0.762604638807601,R,R,PA,20346,0.648966325709647,M,M,Murphy (R PA-18),M001151,1.96410401639
48,9,Sue,Rep,W.,Myrick,Sue,SueMyrick,0.781335138432358,1.07025336376615,R,R,NC,29549,0.931249242962727,F,F,Myrick (R NC-9),M001134,4.01351444388
27,38,Grace,Rep,Flores,Napolitano,Grace,gracenapolitano,-1.89435810763854,-1.36431598470199,D,D,CA,29903,-1.61462062541138,F,F,Napolitano (D CA-38),N000179,1.77477311935
11,19,Randy,Rep,,Neugebauer,Randy,RandyNeugebauer,1.06214551529852,1.43217911228501,R,R,TX,20353,1.25168930174109,M,M,Neugebauer (R TX-19),N000182,2.71016084987
7,1,Kristi,Rep,,Noem,Kristi,repkristinoem,0.551661788083604,0.798479545734614,R,R,SD,NA,0.67925647302436,F,F,Noem (R SD-1),N000184,2.00772178247
9,5,Richard,Rep,,Nugent,Richard,RepRichNugent,0.823547181509568,1.11640483000311,R,R,FL,NA,0.970294756724044,M,M,Nugent (R FL-5),N000185,3.50325076225
13,21,Devin,Rep,G.,Nunes,Devin,devinnunes,0.858279429363628,1.14508623519759,R,R,CA,20307,1.00219497661638,M,M,Nunes (R CA-21),N000181,1.96063007652
17,1,Patrick,Rep,Alan,Nunnelee,Alan,AlanNunnelee,0.691853171905107,0.957736459039976,R,R,MS,NA,0.828793361866379,M,M,Nunnelee (R MS-1),N000186,2.13066419775
9,22,Pete,Rep,,Olson,Pete,OlsonPressShop,0.712767902173343,0.978142253235656,R,R,TX,NA,0.844558516469139,M,M,Olson (R TX-22),O000168,3.0393580196
15,23,Bill,Rep,,Owens,Bill,BillOwensNY,-0.425615252318101,-0.235120731635044,D,D,NY,NA,-0.330045019951794,M,M,Owens (D NY-23),O000169,1.19594519489
10,4,Steven,Rep,,Palazzo,Steven,StevenPalazzo,0.666900230926432,0.921223642434061,R,R,MS,NA,0.795003850742165,M,M,Palazzo (R MS-4),P000601,1.90449329694
6,6,Frank,Rep,J.,Pallone,Frank,FrankPallone,-1.95522632615723,-1.43155086249545,D,D,NJ,15619,-1.67369771451092,M,M,Pallone (D NJ-6),P000034,1.26373806892
104,14,Ronald,Rep,Ernest,Paul,Ron,RepRonPaul,0.419850934632483,0.641191382994928,R,R,TX,14290,0.532906623446468,M,M,Paul (R TX-14),P000583,2.87770485197
16,3,Erik,Rep,,Paulsen,Erik,Erik_Paulsen,0.555030488429565,0.795868346984289,R,R,MN,NA,0.678164529130796,M,M,Paulsen (R MN-3),P000594,2.2173926417
23,2,Stevan,Rep,E.,Pearce,Steve,RepStevePearce,0.813882685830523,1.09658078663439,R,R,NM,20337,0.955547485611954,M,M,Pearce (R NM-2),P000588,1.77477311935
61,8,Nancy,Rep,,Pelosi,Nancy,NancyPelosi,-1.59143633703557,-1.14954577910547,D,D,CA,15447,-1.37234125365295,F,F,Pelosi (D CA-8),P000197,0.632859361177
24,6,Mike,Rep,,Pence,Mike,RepMikePence,1.10490107968741,1.48803646183071,R,R,IN,20117,1.30653069068421,M,M,Pence (R IN-6),P000587,3.62007645287
17,7,Ed,Rep,,Perlmutter,Ed,RepPerlmutter,-0.789646183293334,-0.562257607194697,D,D,CO,20705,-0.669538301254392,M,M,Perlmutter (D CO-7),P000593,1.4309138304
49,9,Gary,Rep,C.,Peters,Gary,RepGaryPeters,-0.726497928828787,-0.506388227621557,D,D,MI,NA,-0.617119078349088,M,M,Peters (D MI-9),P000595,1.6996100093
38,1,Chellie,Rep,M.,Pingree,Chellie,chelliepingree,-1.46182934029426,-1.07413197127733,D,D,ME,NA,-1.25432454193214,F,F,Pingree (D ME-1),P000597,1.9604119212
8,16,Joseph,Rep,R.,Pitts,Joe,RepJoePitts,0.843736350080171,1.11967879947356,R,R,PA,29752,0.978562453310656,M,M,Pitts (R PA-16),P000373,2.26295991199
13,2,Ted,Rep,,Poe,Ted,JudgeTedPoe,0.818840611662551,1.10623959177386,R,R,TX,20528,0.968203065567516,M,M,Poe (R TX-2),P000592,3.51920645812
20,2,Jared,Rep,,Polis,Jared,jaredpolis,-1.0321470730354,-0.760791368712618,D,D,CO,NA,-0.902399645144128,M,M,Polis (D CO-2),P000598,1.54859685806
10,4,Michael,Rep,Richard,Pompeo,Mike,mikepompeo,1.21990154524756,1.67096589084809,R,R,KS,NA,1.44297402863322,M,M,Pompeo (R KS-4),P000602,2.19059350123
10,15,Bill,Rep,,Posey,Bill,congbillposey,0.691970031499583,0.952489212557092,R,R,FL,NA,0.825965183976244,M,M,Posey (R FL-15),P000599,2.48552905136
7,6,Thomas,Rep,E.,Price,Tom,RepTomPrice,1.10168044207949,1.47856573422558,R,R,GA,20505,1.29382557824778,M,M,Price (R GA-6),P000591,3.50325076225
65,3,Ben,Rep,,Quayle,Ben,benquayle,1.0546204863585,1.4322587918052,R,R,AZ,NA,1.25331731461014,M,M,Quayle (R AZ-3),Q000024,3.83776355821
14,5,Mike,Rep,,Quigley,Mike,RepMikeQuigley,-1.03356097513896,-0.764944379155924,D,D,IL,NA,-0.897177218793688,M,M,Quigley (D IL-5),Q000023,1.08342764322
91,15,Charles,Rep,B.,Rangel,Charles,cbrangel,-1.56438433421662,-1.15794982289448,D,D,NY,13035,-1.35902642082461,M,M,Rangel (D NY-15),R000053,1.16015053375
14,29,Thomas,Rep,,Reed,Tom,tomreedcongress,0.496915838028667,0.734556268527104,R,R,NY,NA,0.62087590574793,M,M,Reed (R NY-29),R000585,1.77159379825
8,1,Dennis,Rep,,Rehberg,Denny,DennyRehberg,0.488158955051861,0.723619305163484,R,R,MT,20125,0.606906158400794,M,M,Rehberg (R MT-1),R000571,3.35960652682
35,8,David,Rep,George,Reichert,Dave,davereichert,0.136074123262616,0.329388773595683,R,R,WA,20536,0.236015930046585,M,M,Reichert (R WA-8),R000578,3.77603698818
5,16,Jim,Rep,,Renacci,Jim,repjimrenacci,0.597414894906255,0.847833745580573,R,R,OH,NA,0.731918745615799,M,M,Renacci (R OH-16),R000586,3.31213737845
22,16,Silvestre,Rep,,Reyes,Silvestre,silvestrereyes,-0.815588947068951,-0.575148070824985,D,D,TX,29764,-0.701156990244578,M,M,Reyes (D TX-16),R000170,1.77477311935
23,8,Reid,Rep,,Ribble,Reid,RepRibble,0.838331101885571,1.1241473977663,R,R,WI,NA,0.985997490355786,M,M,Ribble (R WI-8),R000587,2.78634807774
20,37,Laura,Rep,,Richardson,Laura,replrichardson,-0.888286058675719,-0.644207592559941,D,D,CA,20572,-0.767220506624374,F,F,Richardson (D CA-37),R000581,1.62129543055
6,2,Scott,Rep,,Rigell,Scott,repscottrigell,0.570434933902632,0.813694696345093,R,R,VA,NA,0.697171093756956,M,M,Rigell (R VA-2),R000589,4.10496510823
5,25,David,Rep,,Rivera,David,RepRivera,0.43947141797227,0.670585425845594,R,R,FL,NA,0.560511297375017,M,M,Rivera (R FL-25),R000590,1.90243403375
6,2,Martha,Rep,,Roby,Martha,martharoby,0.588905134828972,0.842032397902413,R,R,AL,NA,0.721015862309057,F,F,Roby (R AL-2),R000591,2.60532476616
8,1,David,Rep,P.,Roe,Phil,DrPhilRoe,0.744031026611621,1.01209903487741,R,R,TN,NA,0.885243798835554,M,M,Roe (R TN-1),R000582,2.38924138222
11,3,Michael,Rep,Dennis,Rogers,Mike,RepMikeRogersAL,0.504323025511043,0.745135263353068,R,R,AL,20301,0.62284960596387,M,M,Rogers (R AL-3),R000575,4.74898845503
21,46,Dana,Rep,T.,Rohrabacher,Dana,DanaRohrabacher,0.732999090404515,0.982899217784769,R,R,CA,15624,0.865971327237413,M,M,Rohrabacher (R CA-46),R000409,1.8559793338
62,4,Todd,Rep,,Rokita,Todd,ToddRokita,0.97598183989718,1.32334747110659,R,R,IN,NA,1.14128884579966,M,M,Rokita (R IN-4),R000592,2.47092527837
9,16,Tom,Rep,,Rooney,Tom,TomRooney,0.77552386291035,1.04989600437431,R,R,FL,NA,0.906657258344844,M,M,Rooney (R FL-16),R000583,4.68563566685
15,18,Ileana,Rep,,Ros-Lehtinen,Ileana,RosLehtinen,0.28300271882985,0.500277211221286,R,R,FL,15637,0.398011208757336,F,F,Ros-Lehtinen (R FL-18),R000435,2.01402376021
19,6,Peter,Rep,J.,Roskam,Peter,PeterRoskam,0.682932337863981,0.92877894344701,R,R,IL,20715,0.810846600972277,M,M,Roskam (R IL-6),R000580,2.92152289284
14,4,Mike,Rep,,Ross,Mike,RepMikeRoss,-0.201049047996955,-0.0153257074908143,D,D,AR,20102,-0.107380032487527,M,M,Ross (D AR-4),R000573,1.99989867753
6,12,Dennis,Rep,,Ross,Dennis,RepDennisRoss,1.02610034205531,1.34867352993181,R,R,FL,NA,1.1807359029402,M,M,Ross (R FL-12),R000593,2.88007300068
8,40,Edward,Rep,R.,Royce,Ed,RepEdRoyce,1.01207494335724,1.34287799989824,R,R,CA,29321,1.16586785283602,M,M,Royce (R CA-40),R000487,2.02445767933
14,17,Timothy,Rep,J.,Ryan,Tim,timryan,-1.09571508903272,-0.802345846674034,D,D,OH,20343,-0.95432259071815,M,M,Ryan (D OH-17),R000577,2.81808244713
6,1,Paul,Rep,D.,Ryan,Paul,reppaulryan,0.875406174093188,1.15482882975375,R,R,WI,29939,1.01523614313008,M,M,Ryan (R WI-1),R000570,4.15053513923
61,47,Loretta,Rep,L.,Sanchez,Loretta,lorettasanchez,-1.11946310055379,-0.822813970821445,D,D,CA,29709,-0.981165461231851,F,F,Sanchez (D CA-47),S000030,1.55323599923
29,39,Loretta,Rep,L.,Sanchez,Linda,lorettasanchez,-2.04380229130464,-1.46376518219116,D,D,CA,20310,-1.75738115523675,F,F,Sanchez (D CA-39),S001156,1.55323599923
18,9,Janice,Rep,D.,Schakowsky,Jan,janschakowsky,-1.88788178788427,-1.37248885843283,D,D,IL,29911,-1.64740755380791,F,F,Schakowsky (D IL-9),S001145,1.02938702418
5,29,Adam,Rep,B.,Schiff,Adam,RepAdamSchiff,-1.10216767562931,-0.812515645008078,D,D,CA,20104,-0.964341023421648,M,M,Schiff (D CA-29),S001150,1.77477311935
6,17,Robert,Rep,T,Schilling,Bobby,RepSchilling,0.498761037183515,0.735270113928783,R,R,IL,NA,0.616862719327312,M,M,Schilling (R IL-17),S001182,1.83458751139
6,2,Jean,Rep,,Schmidt,Jean,RepJeanSchmidt,0.657577199256927,0.901700535572078,R,R,OH,20540,0.787437509517878,F,F,Schmidt (R OH-2),S001164,1.78833023726
40,18,Aaron,Rep,,Schock,Aaron,repaaronschock,0.455483247347753,0.689669870394532,R,R,IL,NA,0.566106231946221,M,M,Schock (R IL-18),S001179,2.43271352993
38,5,Kurt,Rep,,Schrader,Kurt,repschrader,-0.576529904724404,-0.37398741391083,D,D,OR,NA,-0.467620412043647,M,M,Schrader (D OR-5),S001180,1.41871888811
9,5,David,Rep,,Schweikert,David,RepDavid,0.939059724502552,1.24750725393829,R,R,AZ,NA,1.09145940811975,M,M,Schweikert (R AZ-5),S001183,3.16923111
18,8,David,Rep,,Scott,Austin,repdavidscott,0.975894724935487,1.29246396352717,R,D,GA,NA,1.1332230862145,M,M,Scott (R GA-8),S001189,1.62129543055
13,13,David,Rep,,Scott,David,repdavidscott,-0.975481866657198,-0.706636452605563,D,D,GA,20321,-0.846071992430674,M,M,Scott (D GA-13),S001157,1.62129543055
18,8,James,Rep,Austin,Scott,Austin,AustinScottGA08,0.975894724935487,1.29246396352717,R,R,GA,NA,1.1332230862145,M,M,Scott (R GA-8),S001189,1.77477311935
13,13,James,Rep,Austin,Scott,David,AustinScottGA08,-0.975481866657198,-0.706636452605563,D,R,GA,20321,-0.846071992430674,M,M,Scott (D GA-13),S001157,1.77477311935
9,1,Tim,Rep,,Scott,Tim,RepTimScott,1.1914699502497,1.61380058541575,R,R,SC,NA,1.3852481563246,M,M,Scott (R SC-1),S001184,3.73483934935
9,3,Robert,Rep,C.,Scott,Robert,repbobbyscott,-1.14921654188228,-0.841431793688896,D,D,VA,39307,-0.995004001339616,M,M,Scott (D VA-3),S000185,1.20917482354
9,16,Jose,Rep,E.,Serrano,José,repjoseserrano,-1.79677516373093,-1.29388292135477,D,D,NY,15643,-1.53587748467994,M,M,Serrano (D NY-16),S000248,1.53610819967
15,32,Peter,Rep,A.,Sessions,Pete,petesessions,1.23532948530345,1.69796747795042,R,R,TX,29759,1.46904722012245,M,M,Sessions (R TX-32),S000250,3.02641242459
6,27,Brad,Rep,J.,Sherman,Brad,BradSherman,-1.19132910607687,-0.877418250007295,D,D,CA,29707,-1.03596405499899,M,M,Sherman (D CA-27),S000344,1.79879285025
16,19,John,Rep,M.,Shimkus,John,RepShimkus,0.43713180138661,0.66729222398254,R,R,IL,29718,0.556051857540165,M,M,Shimkus (R IL-19),S000364,2.55108314762
21,9,Bill,Rep,,Shuster,Bill,RepBillShuster,0.534478594680397,0.785976870217201,R,R,PA,14052,0.67053071462611,M,M,Shuster (R PA-9),S001154,3.42006235368
14,2,Michael,Rep,K.,Simpson,Mike,CongMikeSimpson,0.399603328409502,0.625021149079244,R,R,ID,29910,0.514444258590385,M,M,Simpson (R ID-2),S001148,1.81257576163
13,13,Albio,Rep,,Sires,Albio,Rep_Albio_Sires,-1.09048393378567,-0.802841877998563,D,D,NJ,20542,-0.955953008793832,M,M,Sires (D NJ-13),S001165,0.798129276068
64,28,Louise,Rep,McIntosh,Slaughter,Louise,louiseslaughter,-1.67210336172045,-1.22095757836747,D,D,NY,15443,-1.43019143614126,F,F,Slaughter (D NY-28),S000480,1.37737663131
16,21,Lamar,Rep,S.,Smith,Lamar,LamarSmithTX21,0.591422846423102,0.840269659510308,R,R,TX,15444,0.719645278817528,M,M,Smith (R TX-21),S000583,4.07106387143
33,9,Adam,Rep,,Smith,Adam,Rep_Adam_Smith,-0.793617232912414,-0.559073845426668,D,D,WA,29768,-0.679529880028763,M,M,Smith (D WA-9),S000510,1.80052038086
5,2,William,Rep,,Southerland,Steve,Rep_Southerland,1.00140950204556,1.32803550102525,R,R,FL,NA,1.16724858227504,M,M,Southerland (R FL-2),S001186,1.77477311935
58,12,K. Jacqueline,Rep,,Speier,Jackie,repspeier,-1.14169832195808,-0.84556453415291,D,D,CA,NA,-0.999202458652027,F,F,Speier (D CA-12),S001175,1.37980309723
9,6,Clifford,Rep,B.,Stearns,Cliff,RepCliffStearns,0.887263386870581,1.18255627355335,R,R,FL,15630,1.04308959599286,M,M,Stearns (R FL-6),S000822,4.07594929026
88,15,Steven,Rep,,Stivers,Steve,RepSteveStivers,0.359879458672516,0.588273293566375,R,R,OH,NA,0.482314258601458,M,M,Stivers (R OH-15),S001187,1.92175247723
19,3,Marlin,Rep,,Stutzman,Marlin,marlinstutzman,1.17657745721353,1.6138357741648,R,R,IN,NA,1.40077052023113,M,M,Stutzman (R IN-3),S001188,2.3885906993
40,1,John,Rep,A.,Sullivan,John,USRepSullivan,0.710938190671715,0.976881860830055,R,R,OK,20131,0.850464288475611,M,M,Sullivan (R OK-1),S001155,2.37216707766
9,2,Lee,Rep,R.,Terry,Lee,LEETERRYNE,0.581798466695465,0.819449062787241,R,R,NE,29921,0.700399299424135,M,M,Terry (R NE-2),T000459,2.0849446789
13,2,Bennie,Rep,G.,Thompson,Bennie,BennieGThompson,-1.09267847396811,-0.804152205796617,D,D,MS,29368,-0.945621742821703,M,M,Thompson (D MS-2),T000193,1.71816293113
5,5,Glenn,Rep,W.,Thompson,Glenn,CongressmanGT,0.487390902792673,0.725705601789638,R,R,PA,NA,0.611413940592317,M,M,Thompson (R PA-5),T000467,2.3243589385
5,3,Scott,Rep,,Tipton,Scott,RepTipton,0.627828564384956,0.885798110551254,R,R,CO,NA,0.768358630136861,M,M,Tipton (R CO-3),T000470,2.61675201344
7,21,Paul,Rep,D.,Tonko,Paul,PaulTonko,-1.59992442427382,-1.17356693257237,D,D,NY,NA,-1.38109135590783,M,M,Tonko (D NY-21),T000469,1.32192596671
46,10,Edolphus,Rep,,Towns,Edolphus,edtowns,-2.10509586965702,-1.52341914965389,D,D,NY,15072,-1.80337640142192,M,M,Towns (D NY-10),T000326,1.49031735059
38,5,Nicola,Rep,S.,Tsongas,Niki,ntsongas,-1.25147438405663,-0.918715748460822,D,D,MA,20754,-1.08472232764076,F,F,Tsongas (D MA-5),T000465,1.20776158029
4,6,Frederick,Rep,Stephen,Upton,Fred,RepFredUpton,0.444781024633798,0.676625769913723,R,R,MI,15445,0.56192639932701,M,M,Upton (R MI-6),U000031,5.37992229792
18,1,Peter,Rep,J.,Visclosky,Peter,repvisclosky,-0.810475568628969,-0.579205716786163,D,D,IN,15240,-0.693678901908849,M,M,Visclosky (D IN-1),V000108,1.98915676462
12,7,Timothy,Rep,L.,Walberg,Tim,RepWalberg,0.935004623360501,1.23245810134064,R,R,MI,20725,1.08014099817561,M,M,Walberg (R MI-7),W000798,1.97794036824
11,2,Greg,Rep,P.,Walden,Greg,repgregwalden,0.433025857158047,0.672143538228837,R,R,OR,29932,0.553834761784302,M,M,Walden (R OR-2),W000791,2.06222315683
10,8,Joe,Rep,,Walsh,Joe,joewalsh8th,0.866159436242108,1.15066480199435,R,R,IL,NA,1.01639116764904,M,M,Walsh (R IL-8),W000811,2.33080643435
62,35,Maxine,Rep,,Waters,Maxine,MaxineWaters,-1.31696148796207,-0.976176752055688,D,D,CA,15840,-1.14659480391734,F,F,Waters (D CA-35),W000187,0.0965329317003
293,9,Anthony,Rep,David,Weiner,Anthony,repweiner,-1.39905124810846,-0.983205358086336,D,D,NY,29926,-1.18321461757939,M,M,Weiner (D NY-9),W000792,1.00811677635
6,22,Allen,Rep,,West,Allen,AllenWest,0.676978895054544,0.934499116590144,R,R,FL,NA,0.802876942019477,M,M,West (R FL-22),W000807,2.38503001281
16,3,Lynn,Rep,A.,Westmoreland,Lynn,repwestmoreland,1.01178123213759,1.35160365504848,R,R,GA,20506,1.1855998111927,M,M,Westmoreland (R GA-3),W000796,4.25298929954
48,17,Frederica,Rep,,Wilson,Frederica,RepWilson,-1.45151075345603,-1.058397656249,D,D,FL,NA,-1.25371362595765,F,F,Wilson (D FL-17),W000808,1.68950448644
22,2,Addison,Rep,Graves,Wilson,Joe,CongJoeWilson,1.1142441219713,1.50563589270054,R,R,SC,20138,1.31951756160322,M,M,Wilson (R SC-2),W000795,2.72664956648
24,1,Robert,Rep,J.,Wittman,Robert,RobWittman,0.481602175833857,0.72302891217942,R,R,VA,99997,0.603927697334665,M,M,Wittman (R VA-1),W000804,4.23291755949
4,3,Steve,Rep,,Womack,Steve,Rep_SteveWomack,0.589446824396277,0.835056146585689,R,R,AR,NA,0.70506369468072,M,M,Womack (R AR-3),W000809,2.30462908328
12,6,Lynn,Rep,C.,Woolsey,Lynn,RepLynnWoolsey,-1.79523752629366,-1.32519039717843,D,D,CA,29309,-1.55382313273733,F,F,Woolsey (D CA-6),W000738,1.77477311935
5,3,Kevin,Rep,,Yoder,Kevin,KevinYoder,0.900851202739121,1.20229965712894,R,R,KS,NA,1.06429820284747,M,M,Yoder (R KS-3),Y000063,2.12541944623
103,1,Donald,Rep,E.,Young,Don,repdonyoung,0.465067682243819,0.700104750470625,R,R,AK,14066,0.580760956706777,M,M,Young (R AK-1),Y000033,1.73958052601
6,9,Todd,Rep,,Young,Todd,RepToddYoung,0.94890740809476,1.25452861034448,R,R,IN,NA,1.10497302802634,M,M,Young (R IN-9),Y000064,2.47747762903
