"last.name","first.name","state","district","party","gender","nameid","icpsr.id","missingVotes","idealPoint","lo","up","label"
"Ackerman","Gary","NY","5","D","M","A000022","15080",20,-1.15935466180226,-1.32732185126967,-0.984674139564678,"Ackerman (D NY-5)"
"Adams","Sandra","FL","24","R","F","A000366",NA,4,0.986753314681516,0.836243189722576,1.11765810282991,"Adams (R FL-24)"
"Aderholt","Robert","AL","4","R","M","A000055","29701",9,0.726355288948545,0.593448498861013,0.844309242165069,"Aderholt (R AL-4)"
"Akin","Todd","MO","2","R","M","A000358","20123",27,0.981890294346048,0.844332598310221,1.12386630068186,"Akin (R MO-2)"
"Alexander","Rodney","LA","5","R","M","A000361","20327",16,0.614509085689729,0.492139574068725,0.735274639124706,"Alexander (R LA-5)"
"Altmire","Jason","PA","4","D","M","A000362","20743",4,-0.0929796233074392,-0.19108931412006,-0.011562537326639,"Altmire (D PA-4)"
"Amash","Justin","MI","3","R","M","A000367",NA,29,0.820103699549475,0.693203520206737,0.939520926374483,"Amash (R MI-3)"
"Andrews","Robert","NJ","1","D","M","A000210","15802",29,-1.00535240704136,-1.15282032385007,-0.852532387904537,"Andrews (D NJ-1)"
"Austria","Steve","OH","7","R","M","A000365",NA,12,0.692094507707197,0.565189446815011,0.808411407074287,"Austria (R OH-7)"
"Baca","Joe","CA","43","D","M","B001234","29942",47,-0.813782742156541,-0.941425631235751,-0.681308541888935,"Baca (D CA-43)"
"Bachmann","Michele","MN","6","R","F","B001256","20728",108,0.930899417070183,0.788847255375737,1.08364108168169,"Bachmann (R MN-6)"
"Bachus","Spencer","AL","6","R","M","B000013","29301",18,0.708923836959077,0.574899518403586,0.825495657058081,"Bachus (R AL-6)"
"Baldwin","Tammy","WI","2","D","F","B001230","29940",7,-1.73046684481889,-1.99922245060258,-1.42702613151882,"Baldwin (D WI-2)"
"Barletta","Lou","PA","11","R","M","B001269",NA,9,0.521265860689089,0.405214331063219,0.635732185806351,"Barletta (R PA-11)"
"Barrow","John","GA","12","D","M","B001252","20507",7,-0.322522868614396,-0.420641716960046,-0.231122647772529,"Barrow (D GA-12)"
"Bartlett","Roscoe","MD","6","R","M","B000208","29356",9,0.683439517043383,0.569508631671316,0.800310152743041,"Bartlett (R MD-6)"
"Barton","Joe","TX","6","R","M","B000213","15202",46,0.879642944351813,0.745997191514032,1.00481084281506,"Barton (R TX-6)"
"Bass","Karen","CA","33","D","F","B001270",NA,23,-1.70500623375251,-2.00701693166183,-1.44505127831681,"Bass (D CA-33)"
"Bass","Charles","NH","2","R","M","B000220","29538",14,0.319363525145404,0.217371675103917,0.415632714494546,"Bass (R NH-2)"
"Becerra","Xavier","CA","31","D","M","B000287","29316",22,-1.39546229576613,-1.60374503733295,-1.15713874719584,"Becerra (D CA-31)"
"Benishek","Dan","MI","1","R","M","B001271",NA,6,1.09790001403877,0.938376224105141,1.24383276968952,"Benishek (R MI-1)"
"Berg","Rick","ND","1","R","M","B001272",NA,29,0.710775476897197,0.581031869416014,0.836965032353793,"Berg (R ND-1)"
"Berkley","Shelley","NV","1","D","F","B001231","29922",23,-0.845087140942196,-0.984109602520525,-0.720973740490421,"Berkley (D NV-1)"
"Berman","Howard","CA","28","D","M","B000410","15004",21,-1.10838374493953,-1.27505017656346,-0.95441111539679,"Berman (D CA-28)"
"Biggert","Judy","IL","13","R","F","B001232","29912",6,0.401215308072899,0.29755272390829,0.511197975351409,"Biggert (R IL-13)"
"Bilbray","Brian","CA","50","R","M","B000461","29508",45,0.583978803537149,0.470906337344756,0.703204210695881,"Bilbray (R CA-50)"
"Bilirakis","Gus","FL","9","R","M","B001257",NA,24,0.676914072505078,0.549036360164323,0.801145506286291,"Bilirakis (R FL-9)"
"Bishop","Timothy","NY","1","D","M","B001242","20338",21,-1.06570009759899,-1.22716817158896,-0.909986367258497,"Bishop (D NY-1)"
"Bishop","Rob","UT","1","R","M","B001250","20357",27,1.00318579282937,0.850592000679631,1.13303962667186,"Bishop (R UT-1)"
"Bishop Jr.","Sanford","GA","2","D","M","B000490","29339",44,-0.52991005017583,-0.640157507533722,-0.421818389690307,"Bishop Jr. (D GA-2)"
"Black","Diane","TN","6","R","M","B001273",NA,26,1.0652680704096,0.92718715229771,1.22980833675237,"Black (R TN-6)"
"Blackburn","Marsha","TN","7","R","F","B001243","20351",10,1.20626987958912,1.0292309280838,1.36677362267648,"Blackburn (R TN-7)"
"Blumenauer","Earl","OR","3","D","M","B000574","29588",47,-1.1429541895532,-1.31502608848424,-0.976805811206321,"Blumenauer (D OR-3)"
"Boehner","John","OH","8","R","M","B000589","15806",689,1.22431593635897,-0.0701985455303929,2.73570704888528,"Boehner (R OH-8)"
"Bonner","Jo","AL","1","R","M","B001244","20300",11,0.653389042525,0.528903908568229,0.774410370985755,"Bonner (R AL-1)"
"Bono Mack","Mary","CA","45","R","F","B001228","29775",16,0.760130242040986,0.630880010542061,0.884318747777132,"Bono Mack (R CA-45)"
"Boren","Dan","OK","2","D","M","B001254","20523",17,-0.00724477731736202,-0.102051180351103,0.0730572684746617,"Boren (D OK-2)"
"Boswell","Leonard","IA","3","D","M","B000652","29721",13,-0.572440285221023,-0.684928703813465,-0.471475064184014,"Boswell (D IA-3)"
"Boustany Jr.","Charles","LA","7","R","M","B001255","20514",36,0.819589102980325,0.682050208149647,0.942494610286146,"Boustany Jr. (R LA-7)"
"Brady","Robert","PA","1","D","M","B001227","29777",17,-1.07805407753975,-1.23318565575182,-0.910157869573169,"Brady (D PA-1)"
"Brady","Kevin","TX","8","R","M","B000755","29760",25,1.31012828995323,1.10598006013331,1.49339799395716,"Brady (R TX-8)"
"Braley","Bruce","IA","1","D","M","B001259","20719",46,-1.05087619231872,-1.19758012219129,-0.878185618043848,"Braley (D IA-1)"
"Brooks","Mo","AL","5","R","M","B001274",NA,12,0.906983783117246,0.765880814428246,1.03090544702213,"Brooks (R AL-5)"
"Broun","Paul","GA","10","R","M","B001262","20753",25,1.25837929456186,1.08789562504688,1.44757492100409,"Broun (R GA-10)"
"Brown","Corrine","FL","3","D","F","B000911","29328",18,-1.03924554472707,-1.18753899015559,-0.876249762565554,"Brown (D FL-3)"
"Buchanan","Vern","FL","13","R","M","B001260","20709",22,0.675133546712686,0.548580207928493,0.796968915340168,"Buchanan (R FL-13)"
"Bucshon","Larry","IN","8","R","M","B001275",NA,6,0.756525845658757,0.629283813066524,0.879589148504431,"Bucshon (R IN-8)"
"Buerkle","Ann Marie","NY","25","R","F","B001276",NA,7,1.05001932804897,0.893905020517562,1.1911343150023,"Buerkle (R NY-25)"
"Burgess","Michael","TX","26","R","M","B001248","20355",11,0.868093949620832,0.727760725860679,0.99018389233847,"Burgess (R TX-26)"
"Burton","Dan","IN","5","R","M","B001149","15013",48,1.28755332646011,1.10204850302705,1.48237286265954,"Burton (R IN-5)"
"Butterfield","G.","NC","1","D","M","B001251","20340",47,-0.974976396408598,-1.12171479116314,-0.825322664897092,"Butterfield (D NC-1)"
"Calvert","Ken","CA","44","R","M","C000059","29323",7,0.705900577289343,0.577174704136928,0.82160203613145,"Calvert (R CA-44)"
"Camp","Dave","MI","4","R","M","C000071","15808",11,0.680118684251114,0.551175527612542,0.801995846945184,"Camp (R MI-4)"
"Campbell","John","CA","48","R","M","C001064","20539",46,0.910968744964365,0.773002512625343,1.04211887188781,"Campbell (R CA-48)"
"Canseco","Francisco","TX","23","R","M","C001082",NA,8,1.10865198110727,0.957973182128331,1.27135726312646,"Canseco (R TX-23)"
"Cantor","Eric","VA","7","R","M","C001046","20144",64,0.962439029549629,0.810324358654927,1.0968801168936,"Cantor (R VA-7)"
"Capito","Shelley","WV","2","R","F","C001047","20146",6,0.509507957958344,0.391036349429152,0.621696832960507,"Capito (R WV-2)"
"Capps","Lois","CA","23","D","F","C001036","29774",13,-1.32631844691845,-1.53029016842103,-1.12192489240523,"Capps (D CA-23)"
"Capuano","Michael","MA","8","D","M","C001037","29919",24,-1.56197095367195,-1.81078783128093,-1.31296359130623,"Capuano (D MA-8)"
"Cardoza","Dennis","CA","18","D","M","C001050","20306",34,-0.326679514872485,-0.424049964890083,-0.234223666286493,"Cardoza (D CA-18)"
"Carnahan","Russ","MO","3","D","M","C001060","20516",15,-0.97278676578318,-1.11466887383801,-0.822414213088012,"Carnahan (D MO-3)"
"Carney","John","DE","1","D","M","C001083",NA,11,-0.625783390734853,-0.745646532546423,-0.519413489550974,"Carney (D DE-1)"
"Carson","André","IN","7","D","M","C001072",NA,15,-1.02191717727645,-1.17115844869103,-0.870347236299986,"Carson (D IN-7)"
"Carter","John","TX","31","R","M","C001051","20356",21,0.82449398333404,0.686260575803793,0.94949241355674,"Carter (R TX-31)"
"Cassidy","Bill","LA","6","R","M","C001075",NA,14,0.739363604197371,0.617524275316458,0.86447518845259,"Cassidy (R LA-6)"
"Castor","Kathy","FL","11","D","F","C001066","20708",47,-1.04780597244835,-1.20523274982412,-0.879885313415478,"Castor (D FL-11)"
"Chabot","Steven","OH","1","R","M","C000266","29550",4,1.24329244917083,1.06388114070722,1.42012102711666,"Chabot (R OH-1)"
"Chaffetz","Jason","UT","3","R","M","C001076",NA,39,1.09877698718651,0.933039383549612,1.25099415089382,"Chaffetz (R UT-3)"
"Chandler","Ben","KY","6","D","M","C001058","20326",24,-0.30200663195056,-0.398594691274237,-0.205804272725025,"Chandler (D KY-6)"
"Chu","Judy","CA","32","D","F","C001080",NA,15,-1.47900788156475,-1.69827971365055,-1.2442541755439,"Chu (D CA-32)"
"Cicilline","David","RI","1","D","M","C001084",NA,11,-1.26572603670028,-1.45777976901412,-1.06711712848574,"Cicilline (D RI-1)"
"Clarke","Hansen","MI","13","D","M","C001085",NA,11,-1.36182780456416,-1.57177768293788,-1.15694349390684,"Clarke (D MI-13)"
"Clarke","Yvette","NY","11","D","F","C001067","20733",25,-1.72096098520785,-2.00744512828857,-1.45652003678631,"Clarke (D NY-11)"
"Clay","William","MO","1","D","M","C001049","20147",31,-1.28835792801747,-1.49303505349613,-1.09106970271427,"Clay (D MO-1)"
"Cleaver II","Emanuel","MO","5","D","M","C001061","20517",24,-1.09928006963071,-1.25543521071683,-0.931678189214043,"Cleaver II (D MO-5)"
"Clyburn","James","SC","6","D","M","C000537","39301",13,-0.968946882397494,-1.12601640435515,-0.831352337836058,"Clyburn (D SC-6)"
"Coble","Howard","NC","6","R","M","C000556","15209",13,0.749246382682888,0.610191849249015,0.860273226987258,"Coble (R NC-6)"
"Coffman","Mike","CO","6","R","M","C001077",NA,9,0.868956024847068,0.742406813558683,1.00879873267009,"Coffman (R CO-6)"
"Cohen","Steve","TN","9","D","M","C001068","20748",28,-1.16922490717895,-1.3486597673214,-1.00732041780538,"Cohen (D TN-9)"
"Cole","Tom","OK","4","R","M","C001053","20344",15,0.630851829840284,0.509709932702815,0.744939258803927,"Cole (R OK-4)"
"Conaway","K.","TX","11","R","M","C001062","20531",4,1.18296280167021,1.00634070603463,1.34508803446647,"Conaway (R TX-11)"
"Connolly","Gerald","VA","11","D","M","C001078",NA,6,-0.704170248546365,-0.825151914341521,-0.592267406874435,"Connolly (D VA-11)"
"Conyers Jr.","John","MI","14","D","M","C000714","10713",31,-1.18680250020765,-1.36551635653706,-1.01488851198631,"Conyers Jr. (D MI-14)"
"Cooper","Jim","TN","5","D","M","C000754","15018",15,-0.402136031765348,-0.502658427759209,-0.302237803664092,"Cooper (D TN-5)"
"Costa","Jim","CA","20","D","M","C001059","20501",43,-0.189404150069704,-0.28347580491519,-0.0985898565869655,"Costa (D CA-20)"
"Costello","Jerry","IL","12","D","M","C000794","15452",25,-0.443477398290488,-0.546545250149895,-0.347349059608363,"Costello (D IL-12)"
"Courtney","Joe","CT","2","D","M","C001069","20706",9,-0.99605948400509,-1.14710305311305,-0.843823804225167,"Courtney (D CT-2)"
"Cravaack","Chip","MN","8","R","M","C001086",NA,9,0.690034932099992,0.5713872047681,0.816450543102599,"Cravaack (R MN-8)"
"Crawford","Rick","AR","1","R","M","C001087",NA,10,0.726107645241751,0.59026662808668,0.844919234162755,"Crawford (R AR-1)"
"Crenshaw","Ander","FL","4","R","M","C001045","20111",9,0.64474445867843,0.523957701337214,0.772134431167352,"Crenshaw (R FL-4)"
"Critz","Mark","PA","12","D","M","C001081",NA,8,-0.377278015580541,-0.469998262494038,-0.277199633707819,"Critz (D PA-12)"
"Crowley","Joseph","NY","7","D","M","C001038","29925",39,-1.28871688990631,-1.50600567801184,-1.1022864884298,"Crowley (D NY-7)"
"Cuellar","Henry","TX","28","D","M","C001063","20533",6,-0.317479516929751,-0.409306919631423,-0.221883323926618,"Cuellar (D TX-28)"
"Culberson","John","TX","7","R","M","C001048","20139",69,0.968093763416294,0.829020808613733,1.10768082925678,"Culberson (R TX-7)"
"Cummings","Elijah","MD","7","D","M","C000984","29587",9,-1.32812489695495,-1.51967107526716,-1.12894182804095,"Cummings (D MD-7)"
"Davis","Susan","CA","53","D","F","D000598","20108",12,-1.02952527153334,-1.18342761753917,-0.872494718279359,"Davis (D CA-53)"
"Davis","Danny","IL","7","D","M","D000096","29717",34,-1.26380196818136,-1.45821837787847,-1.07129041767099,"Davis (D IL-7)"
"Davis","Geoff","KY","4","R","M","D000603","20511",7,0.671759328236444,0.540188858588983,0.793694834039006,"Davis (R KY-4)"
"DeFazio","Peter","OR","4","D","M","D000191","15409",26,-0.79884301080837,-0.933413450836863,-0.677130515136827,"DeFazio (D OR-4)"
"DeGette","Diana","CO","1","D","F","D000197","29710",16,-1.2798717673371,-1.47993664044653,-1.08329543945193,"DeGette (D CO-1)"
"DeLauro","Rosa","CT","3","D","F","D000216","15813",11,-1.29421878054315,-1.4934216659114,-1.09884845691776,"DeLauro (D CT-3)"
"Denham","Jeffrey","CA","19","R","M","D000612",NA,21,0.799487885505924,0.664668028744659,0.925421930487,"Denham (R CA-19)"
"Dent","Charlie","PA","15","R","M","D000604","20526",7,0.394060072324956,0.290137310503859,0.497680546695395,"Dent (R PA-15)"
"DesJarlais","Scott","TN","4","R","M","D000616",NA,5,0.898338870807292,0.765386366697124,1.0351530339678,"DesJarlais (R TN-4)"
"Deutch","Ted","FL","19","D","M","D000610",NA,37,-1.23483764503749,-1.43412555789319,-1.04064799561746,"Deutch (D FL-19)"
"Diaz-Balart","Mario","FL","21","R","M","D000600","20316",21,0.465119897332106,0.350964619736886,0.576899242930823,"Diaz-Balart (R FL-21)"
"Dicks","Norman","WA","6","D","M","D000327","14413",14,-0.885422996101327,-1.02497800052977,-0.747649980937469,"Dicks (D WA-6)"
"Dingell","John","MI","15","D","M","D000355","2605",29,-0.886155653018847,-1.02306705651248,-0.749243970338555,"Dingell (D MI-15)"
"Doggett","Lloyd","TX","25","D","M","D000399","29571",19,-1.0543887586543,-1.22027499722459,-0.903377616604987,"Doggett (D TX-25)"
"Dold","Robert","IL","10","R","M","D000613",NA,16,0.332276332219471,0.229100100440187,0.435046636555605,"Dold (R IL-10)"
"Donnelly","Joe","IN","2","D","M","D000607","20717",4,-0.303296007953865,-0.404650161397835,-0.208477598501618,"Donnelly (D IN-2)"
"Doyle","Mike","PA","14","D","M","D000482","29561",20,-0.99424539904933,-1.14578198837443,-0.852555627650836,"Doyle (D PA-14)"
"Dreier","David","CA","26","R","M","D000492","14813",5,0.689480996625422,0.561721721953966,0.809144833111808,"Dreier (R CA-26)"
"Duffy","Sean","WI","7","R","M","D000614",NA,12,0.762887499261952,0.628785543292035,0.885815795674353,"Duffy (R WI-7)"
"Duncan","Jeffrey","SC","3","R","M","D000615",NA,10,1.3659614964845,1.16514660419368,1.57017101844774,"Duncan (R SC-3)"
"Duncan Jr.","John","TN","2","R","M","D000533","15604",7,0.82622357256996,0.703333670520314,0.960674247739242,"Duncan Jr. (R TN-2)"
"Edwards","Donna","MD","4","D","F","E000290",NA,11,-1.47915319202049,-1.7116305799853,-1.24997646241543,"Edwards (D MD-4)"
"Ellison","Keith","MN","5","D","M","E000288","20727",94,-1.81406184298218,-2.10936745260056,-1.5067431325088,"Ellison (D MN-5)"
"Ellmers","Renee","NC","2","R","F","E000291",NA,6,0.880987374014797,0.75438812976253,1.02054336210581,"Ellmers (R NC-2)"
"Emerson","Jo Ann","MO","8","R","F","E000172","29736",40,0.45671767674107,0.342832278656349,0.569233064837854,"Emerson (R MO-8)"
"Engel","Eliot","NY","17","D","M","E000179","15605",66,-1.0214884765609,-1.18074193311698,-0.875660329329932,"Engel (D NY-17)"
"Eshoo","Anna","CA","14","D","F","E000215","29312",57,-1.06120634858832,-1.219612844212,-0.892860856316799,"Eshoo (D CA-14)"
"Farenthold","Blake","TX","27","R","M","F000460",NA,15,0.909669541899084,0.775213968777984,1.04156583324215,"Farenthold (R TX-27)"
"Farr","Sam","CA","17","D","M","F000030","29313",16,-1.2613782047033,-1.44996356062427,-1.08442495198148,"Farr (D CA-17)"
"Fattah","Chaka","PA","2","D","M","F000043","29559",33,-1.0941866383601,-1.26051044336473,-0.939291166873644,"Fattah (D PA-2)"
"Filner","Bob","CA","51","D","M","F000116","29325",61,-2.24446542176109,-2.68650341005469,-1.87218181174216,"Filner (D CA-51)"
"Fincher","Stephen","TN","8","R","M","F000458",NA,7,0.902611324226964,0.770589314800436,1.03508402112605,"Fincher (R TN-8)"
"Fitzpatrick","Michael","PA","8","R","M","F000451","20524",12,0.29259781815913,0.196935569340241,0.396988629452702,"Fitzpatrick (R PA-8)"
"Flake","Jeff","AZ","6","R","M","F000444","20100",31,1.2123213124497,1.03460694671446,1.38337508053027,"Flake (R AZ-6)"
"Fleischmann","Chuck","TN","3","R","M","F000459",NA,4,0.915668860282366,0.769384277214642,1.046385031809,"Fleischmann (R TN-3)"
"Fleming","John","LA","4","R","M","F000456",NA,8,1.22396437275649,1.05041720063995,1.40132753159556,"Fleming (R LA-4)"
"Flores","Bill","TX","17","R","M","F000461",NA,13,1.08817411740832,0.92969604201528,1.23742711901191,"Flores (R TX-17)"
"Forbes","J.","VA","4","R","M","F000445","20143",9,0.671077204900244,0.542879361131314,0.787669195223296,"Forbes (R VA-4)"
"Fortenberry","Jeff","NE","1","R","M","F000449","20518",15,0.408837221414961,0.300910942135709,0.511502870754357,"Fortenberry (R NE-1)"
"Foxx","Virginia","NC","5","R","F","F000450","20521",6,1.16793038553972,1.00943227518966,1.33739581615078,"Foxx (R NC-5)"
"Frank","Barney","MA","4","D","M","F000339","14824",19,-1.14389317489309,-1.30861341898732,-0.985555141749166,"Frank (D MA-4)"
"Franks","Trent","AZ","2","R","M","F000448","20304",11,1.165029548829,1.00201360033752,1.32793513792021,"Franks (R AZ-2)"
"Frelinghuysen","Rodney","NJ","11","R","M","F000372","29541",116,0.490143287344012,0.373308596902525,0.616866666331037,"Frelinghuysen (R NJ-11)"
"Fudge","Marcia","OH","11","D","F","F000455",NA,10,-1.41391545563372,-1.63251471775709,-1.20178345598385,"Fudge (D OH-11)"
"Gallegly","Elton","CA","24","R","M","G000021","15412",14,0.780680544405646,0.655388911533208,0.908678645579966,"Gallegly (R CA-24)"
"Garamendi","John","CA","10","D","M","G000559",NA,34,-1.30431488958728,-1.51271862694758,-1.12340898530944,"Garamendi (D CA-10)"
"Gardner","Cory","CO","4","R","M","G000562",NA,6,0.791255384544143,0.656623950546054,0.918292875817292,"Gardner (R CO-4)"
"Garrett","Scott","NJ","5","R","M","G000548","20336",12,1.20611011402192,1.03377291286685,1.37992676198007,"Garrett (R NJ-5)"
"Gerlach","Jim","PA","6","R","M","G000549","20345",13,0.356034119104227,0.249298989550586,0.454122710016291,"Gerlach (R PA-6)"
"Gibbs","Bob","OH","18","R","M","G000563",NA,6,0.855464597519391,0.7270049518846,0.990457112825052,"Gibbs (R OH-18)"
"Gibson","Chris","NY","20","R","M","G000564",NA,6,0.275448823740996,0.16763463996534,0.364213104038282,"Gibson (R NY-20)"
"Giffords","Gabrielle","AZ","8","D","F","G000554","20701",684,-1.050211472975,-2.01739130540915,-0.173451580015947,"Giffords (D AZ-8)"
"Gingrey","Phil","GA","11","R","M","G000550","20319",51,1.026735501701,0.882422778440597,1.17047680249928,"Gingrey (R GA-11)"
"Gohmert","Louie","TX","1","R","M","G000552","20527",53,0.868184034011501,0.741892541346801,1.00571466843043,"Gohmert (R TX-1)"
"Gonzalez","Charlie","TX","20","D","M","G000544","29943",19,-0.631223625685376,-0.746423804895455,-0.520004024685436,"Gonzalez (D TX-20)"
"Goodlatte","Robert","VA","6","R","M","G000289","39308",6,0.957820568994813,0.819729284037373,1.09075823156816,"Goodlatte (R VA-6)"
"Gosar","Paul","AZ","1","R","M","G000565",NA,8,0.792906965435058,0.666200684113442,0.922930086441315,"Gosar (R AZ-1)"
"Gowdy","Trey","SC","4","R","M","G000566",NA,5,1.47899432865523,1.24004322660103,1.70842216856405,"Gowdy (R SC-4)"
"Granger","Kay","TX","12","R","F","G000377","29762",21,0.717297514171336,0.58057529591517,0.834592903731444,"Granger (R TX-12)"
"Graves","Tom","GA","9","R","M","G000560",NA,8,1.4447052712588,1.22762923080322,1.66536460268972,"Graves (R GA-9)"
"Graves","Sam","MO","6","R","M","G000546","20124",39,0.802548964281775,0.671570910145731,0.932426476161961,"Graves (R MO-6)"
"Green","Gene","TX","29","D","M","G000410","39304",27,-0.385908697916728,-0.48757072356043,-0.289292134485395,"Green (D TX-29)"
"Green","Al","TX","9","D","M","G000553","20529",14,-0.662321043623978,-0.77108812481407,-0.541259282506247,"Green (D TX-9)"
"Griffin","Tim","AR","2","R","M","G000567",NA,6,0.838710606772909,0.704431318098876,0.968035929248571,"Griffin (R AR-2)"
"Griffith","Morgan","VA","9","R","M","G000568",NA,22,0.845333688203912,0.720746105533614,0.971850699394364,"Griffith (R VA-9)"
"Grijalva","Raúl","AZ","7","D","M","G000551","20305",40,-1.31804452584412,-1.51767972853021,-1.12339100626139,"Grijalva (D AZ-7)"
"Grimm","Mike","NY","13","R","M","G000569",NA,6,0.441833498746823,0.328339646701515,0.546193928529956,"Grimm (R NY-13)"
"Guinta","Frank","NH","1","R","M","G000570",NA,14,0.862858713546469,0.719654079202981,0.98907385680919,"Guinta (R NH-1)"
"Guthrie","Brett","KY","2","R","M","G000558",NA,7,0.724888928033113,0.594787041189541,0.850683127623528,"Guthrie (R KY-2)"
"Gutierrez","Luis","IL","4","D","M","G000535","29348",63,-1.2027954888248,-1.38220290860853,-1.01671793625575,"Gutierrez (D IL-4)"
"Hahn","Janice","CA","36","D","F","H001063",NA,603,-1.44619413657371,-2.00994733963955,-0.902235815045755,"Hahn (D CA-36)"
"Hall","Ralph","TX","4","R","M","H000067","14828",15,0.937746730082536,0.801557388326098,1.08284916009158,"Hall (R TX-4)"
"Hanabusa","Colleen","HI","1","D","F","H001050",NA,13,-1.12903246847603,-1.30376420844874,-0.958587412788068,"Hanabusa (D HI-1)"
"Hanna","Richard","NY","24","R","M","H001051",NA,31,0.295133838076945,0.198101764145846,0.400003181869384,"Hanna (R NY-24)"
"Harman","Jane","CA","36","D","F","H000213","29318",606,-0.808833248678956,-1.09043721453057,-0.552883569450873,"Harman (D CA-36)"
"Harper","Gregg","MS","3","R","M","H001045",NA,8,0.784582412448076,0.651957668737605,0.906736651050652,"Harper (R MS-3)"
"Harris","Andy","MD","1","R","M","H001052",NA,7,0.632637651566586,0.513333313426812,0.742589830174198,"Harris (R MD-1)"
"Hartzler","Vicky","MO","4","R","F","H001053",NA,6,0.976454056212615,0.82999868486825,1.11339736289255,"Hartzler (R MO-4)"
"Hastings","Alcee","FL","23","D","M","H000324","29337",8,-1.27343839628789,-1.45166770185504,-1.06594337501292,"Hastings (D FL-23)"
"Hastings","Doc","WA","4","R","M","H000329","29580",92,0.782552907099441,0.645751002013839,0.904921966298103,"Hastings (R WA-4)"
"Hayworth","Nan","NY","19","R","F","H001054",NA,7,0.510605912079394,0.39033010451549,0.61680501266761,"Hayworth (R NY-19)"
"Heck","Joe","NV","3","R","M","H001055",NA,4,0.503245942505027,0.391132460061815,0.622106042093912,"Heck (R NV-3)"
"Heinrich","Martin","NM","1","D","M","H001046",NA,24,-0.729536928269019,-0.851880455091071,-0.608293850245811,"Heinrich (D NM-1)"
"Heller","Dean","NV","2","R","M","H001041","20730",404,0.816137900796488,0.638952627900015,1.0270662392371,"Heller (R NV-2)"
"Hensarling","Jeb","TX","5","R","M","H001036","20352",6,1.40439583191717,1.18408247231611,1.61580066153401,"Hensarling (R TX-5)"
"Herger","Wally","CA","2","R","M","H000528","15419",18,1.21646455136205,1.03437911082292,1.38092216671235,"Herger (R CA-2)"
"Herrera Beutler","Jaime","WA","3","R","F","H001056",NA,11,0.613518050222573,0.487959088638885,0.732313783526797,"Herrera Beutler (R WA-3)"
"Higgins","Brian","NY","27","D","M","H001038","20519",15,-0.970222010539152,-1.12181336346133,-0.816421252540837,"Higgins (D NY-27)"
"Himes","Jim","CT","4","D","M","H001047",NA,8,-0.741521038877962,-0.861657238441388,-0.622174911865729,"Himes (D CT-4)"
"Hinchey","Maurice","NY","22","D","M","H000627","29380",212,-1.36136752453674,-1.58334998445303,-1.12215690885469,"Hinchey (D NY-22)"
"Hinojosa","Rubén","TX","15","D","M","H000636","29763",98,-0.609023899662629,-0.736341407768854,-0.501361735291067,"Hinojosa (D TX-15)"
"Hirono","Mazie","HI","2","D","F","H001042","20713",32,-1.48178279417938,-1.70841133177997,-1.25356449534385,"Hirono (D HI-2)"
"Hochul","Kathy","NY","26","D","F","H001062",NA,382,-0.624919575321691,-0.759727742380882,-0.486317059984887,"Hochul (D NY-26)"
"Holden","Tim","PA","17","D","M","H000712","29396",51,-0.286309920782016,-0.386416678648291,-0.194465979725783,"Holden (D PA-17)"
"Holt","Rush","NJ","12","D","M","H001032","29923",6,-1.35380665420023,-1.55985895369388,-1.160143852642,"Holt (D NJ-12)"
"Honda","Michael","CA","15","D","M","H001034","20103",29,-1.58397783488506,-1.83994692880519,-1.33475495854565,"Honda (D CA-15)"
"Hoyer","Steny","MD","5","D","M","H000874","14873",47,-1.02663519353445,-1.19364377804358,-0.880346414720141,"Hoyer (D MD-5)"
"Huelskamp","Tim","KS","1","R","M","H001057",NA,6,1.07836835878877,0.910938821722349,1.22234282045527,"Huelskamp (R KS-1)"
"Huizenga","Bill","MI","2","R","M","H001058",NA,8,1.14065745029725,0.98352532303215,1.30015063450705,"Huizenga (R MI-2)"
"Hultgren","Randy","IL","14","R","M","H001059",NA,7,0.804663076083263,0.670562351953725,0.932983532498449,"Hultgren (R IL-14)"
"Hunter","Duncan","CA","52","R","M","H001048",NA,13,1.11992143880212,0.962778869037871,1.28325355586597,"Hunter (R CA-52)"
"Hurt","Robert","VA","5","R","M","H001060",NA,17,1.09708866296652,0.934318138853571,1.25339289170423,"Hurt (R VA-5)"
"Inslee","Jay","WA","1","D","M","I000026","39311",7,-0.843184739075719,-0.978873261415065,-0.713991719074419,"Inslee (D WA-1)"
"Israel","Steve","NY","2","D","M","I000057","20129",10,-1.00286008898248,-1.15293100840654,-0.845315579113116,"Israel (D NY-2)"
"Issa","Darrell","CA","49","R","M","I000056","20107",12,1.02574461109062,0.878237118502179,1.17124776610058,"Issa (R CA-49)"
"Jackson Jr.","Jesse","IL","2","D","M","J000283","29585",56,-1.97666295765242,-2.34222360938278,-1.66200893392866,"Jackson Jr. (D IL-2)"
"Jackson-Lee","Sheila","TX","18","D","F","J000032","29573",27,-0.780449943948755,-0.902221126619158,-0.658413448654591,"Jackson-Lee (D TX-18)"
"Jenkins","Lynn","KS","2","R","F","J000290",NA,4,0.99096152567552,0.842295977701125,1.12640236981118,"Jenkins (R KS-2)"
"Johnson","Hank","GA","4","D","M","J000288","20712",35,-1.17121380902733,-1.35887142696018,-0.990901961428292,"Johnson (D GA-4)"
"Johnson","Eddie","TX","30","D","F","J000126","39305",17,-0.99657435722147,-1.14001700703145,-0.84439608842167,"Johnson (D TX-30)"
"Johnson","Timothy","IL","15","R","M","J000285","20116",27,0.355192336007061,0.253401391347355,0.456058334679616,"Johnson (R IL-15)"
"Johnson","Bill","OH","6","R","M","J000292",NA,6,0.917616300053674,0.772635755175018,1.04329747417567,"Johnson (R OH-6)"
"Johnson","Sam","TX","3","R","M","J000174","15843",60,1.23425461597834,1.06519278553188,1.4158483083257,"Johnson (R TX-3)"
"Jones","Walter","NC","3","R","M","J000255","29546",13,0.0979839007428505,0.00578488059839911,0.190423846782471,"Jones (R NC-3)"
"Jordan","Jim","OH","4","R","M","J000289","20738",23,1.52485961068425,1.2756149070115,1.77060693166579,"Jordan (R OH-4)"
"Kaptur","Marcy","OH","9","D","F","K000009","15028",17,-0.920302187866441,-1.06178723444907,-0.781534479663815,"Kaptur (D OH-9)"
"Keating","Bill","MA","10","D","M","K000375",NA,35,-0.969833584941535,-1.11031519844303,-0.816655160696225,"Keating (D MA-10)"
"Kelly","Mike","PA","3","R","M","K000376",NA,5,0.619401871275707,0.491081805539786,0.733370214848793,"Kelly (R PA-3)"
"Kildee","Dale","MI","5","D","M","K000172","14430",5,-1.00595331153355,-1.15627801425254,-0.864085621002341,"Kildee (D MI-5)"
"Kind","Ron","WI","3","D","M","K000188","29769",11,-0.796168213684328,-0.924595272272426,-0.671421447432799,"Kind (D WI-3)"
"King","Steve","IA","5","R","M","K000362","20325",33,0.834445650519998,0.704791252070186,0.964966174449009,"King (R IA-5)"
"King","Peter","NY","3","R","M","K000210","29375",12,0.459387117363437,0.348797888636455,0.570535061598635,"King (R NY-3)"
"Kingston","Jack","GA","1","R","M","K000220","29338",15,0.907094299461003,0.771512946681793,1.03529985069216,"Kingston (R GA-1)"
"Kinzinger","Adam","IL","11","R","M","K000378",NA,9,0.550397365572996,0.428658210485338,0.659822704414418,"Kinzinger (R IL-11)"
"Kissell","Larry","NC","8","D","M","K000369",NA,9,-0.396121023782496,-0.496170375355676,-0.302368278626424,"Kissell (D NC-8)"
"Kline","John","MN","2","R","M","K000363","20333",4,1.02540760553892,0.871028422945777,1.17158998949183,"Kline (R MN-2)"
"Kucinich","Dennis","OH","10","D","M","K000336","29748",9,-1.12503268344123,-1.29601088295064,-0.962203648145193,"Kucinich (D OH-10)"
"LaTourette","Steven","OH","14","R","M","L000553","29553",19,0.300475230782311,0.198308293273198,0.395954651172602,"LaTourette (R OH-14)"
"Labrador","Raul","ID","1","R","M","L000573",NA,25,1.02011200822322,0.875358473997172,1.17203859304547,"Labrador (R ID-1)"
"Lamborn","Doug","CO","5","R","M","L000564","20704",14,1.38419841408699,1.16779681497679,1.58952461292536,"Lamborn (R CO-5)"
"Lance","Leonard","NJ","7","R","M","L000567",NA,4,0.401550759732028,0.287724505086611,0.499104158651884,"Lance (R NJ-7)"
"Landry","Jeff","LA","3","R","M","L000574",NA,43,1.06778248064739,0.90908855135266,1.2166969718057,"Landry (R LA-3)"
"Langevin","Jim","RI","2","D","M","L000559","20136",18,-1.02130275710886,-1.18033652776624,-0.874045957770934,"Langevin (D RI-2)"
"Lankford","James","OK","5","R","M","L000575",NA,6,1.06075550310424,0.898505050023537,1.20023757947403,"Lankford (R OK-5)"
"Larsen","Rick","WA","2","D","M","L000560","20145",9,-0.77347737097393,-0.903090524828216,-0.651139509805322,"Larsen (D WA-2)"
"Larson","John","CT","1","D","M","L000557","29908",43,-1.15039151235544,-1.31526952486538,-0.980643657599,"Larson (D CT-1)"
"Latham","Tom","IA","4","R","M","L000111","29522",11,0.577723853458679,0.456479896501763,0.689379975750452,"Latham (R IA-4)"
"Latta","Robert","OH","5","R","M","L000566","99998",5,1.13559534612661,0.963502660308112,1.29033485429571,"Latta (R OH-5)"
"Lee","Barbara","CA","9","D","F","L000551","29778",26,-1.86965378572056,-2.17560032785797,-1.61174431137072,"Lee (D CA-9)"
"Lee","Christopher","NY","26","R","M","L000568",NA,668,1.10603871999103,0.210480117596012,2.39304465771644,"Lee (R NY-26)"
"Levin","Sander","MI","12","D","M","L000263","15032",5,-1.05184222889729,-1.21973796330458,-0.910072074118983,"Levin (D MI-12)"
"Lewis","John","GA","5","D","M","L000287","15430",24,-1.6077320143109,-1.86459458920497,-1.34362216395917,"Lewis (D GA-5)"
"Lewis","Jerry","CA","41","R","M","L000274","14644",7,0.619652867114736,0.498614364246945,0.739237229560951,"Lewis (R CA-41)"
"Lipinski","Daniel","IL","3","D","M","L000563","20508",16,-0.562380346829228,-0.678503135732384,-0.463438874456763,"Lipinski (D IL-3)"
"LoBiondo","Frank","NJ","2","R","M","L000554","29539",4,0.297702283961672,0.192095994656253,0.389011666970519,"LoBiondo (R NJ-2)"
"Loebsack","Dave","IA","2","D","M","L000565","20720",18,-0.836822765269248,-0.969921895455901,-0.709132231728649,"Loebsack (D IA-2)"
"Lofgren","Zoe","CA","16","D","F","L000397","29504",47,-1.06926725871541,-1.24089495079812,-0.925484252333491,"Lofgren (D CA-16)"
"Long","Billy","MO","7","R","M","L000576",NA,54,1.21621591342595,1.03607616069052,1.39787388170802,"Long (R MO-7)"
"Lowey","Nita","NY","18","D","F","L000480","15614",9,-1.09842554721901,-1.2619659400355,-0.9225390104961,"Lowey (D NY-18)"
"Lucas","Frank","OK","3","R","M","L000491","29393",20,0.697349352687322,0.570197755650021,0.82237090538497,"Lucas (R OK-3)"
"Luetkemeyer","Blaine","MO","9","R","M","L000569",NA,8,0.923487510516161,0.78677220622473,1.05889752237071,"Luetkemeyer (R MO-9)"
"Lujan","Ben","NM","3","D","M","L000570",NA,22,-1.04620232601288,-1.19936928050491,-0.875564229688342,"Lujan (D NM-3)"
"Lummis","Cynthia","WY","1","R","F","L000571",NA,30,0.884754264256501,0.746242227015569,1.00663702168434,"Lummis (R WY-1)"
"Lungren","Dan","CA","3","R","M","L000517","14647",9,0.753113493347622,0.619865378014309,0.869385162770754,"Lungren (R CA-3)"
"Lynch","Stephen","MA","9","D","M","L000562","20119",19,-1.0005488447113,-1.15445272811763,-0.852427826734999,"Lynch (D MA-9)"
"Mack","Connie","FL","14","R","M","M001155","20503",25,1.15505688296048,0.989482578552529,1.318080031196,"Mack (R FL-14)"
"Maloney","Carolyn","NY","14","D","F","M000087","29379",26,-1.31266709469476,-1.52383513430293,-1.11835484524299,"Maloney (D NY-14)"
"Manzullo","Donald","IL","16","R","M","M001138","29349",47,0.942232775475404,0.790320093393355,1.07369779388525,"Manzullo (R IL-16)"
"Marchant","Kenny","TX","24","R","M","M001158","20532",45,1.01775792240074,0.87900927063943,1.17105237348125,"Marchant (R TX-24)"
"Marino","Tom","PA","10","R","M","M001179",NA,7,0.801367648089753,0.669186267307288,0.934323743888873,"Marino (R PA-10)"
"Markey","Edward","MA","7","D","M","M000133","14435",24,-1.69057158638797,-1.93967038972392,-1.40560084722496,"Markey (D MA-7)"
"Matheson","Jim","UT","2","D","M","M001142","20140",9,-0.170177248494496,-0.263344379667364,-0.079219370415544,"Matheson (D UT-2)"
"Matsui","Doris","CA","5","D","F","M001163","20538",6,-1.3084915104544,-1.51069057659091,-1.11191602551831,"Matsui (D CA-5)"
"McCarthy","Carolyn","NY","4","D","F","M000309","29744",91,-0.816666294832496,-0.948587250738136,-0.686183652948383,"McCarthy (D NY-4)"
"McCarthy","Kevin","CA","22","R","M","M001165","20703",10,0.99161819052538,0.84524311935539,1.12675235041358,"McCarthy (R CA-22)"
"McCaul","Michael","TX","10","R","M","M001157","20530",8,0.796869148738241,0.658260169157617,0.919587484008467,"McCaul (R TX-10)"
"McClintock","Tom","CA","4","R","M","M001177",NA,5,0.893001359916708,0.762901265206191,1.02156960045734,"McClintock (R CA-4)"
"McCollum","Betty","MN","4","D","F","M001143","20122",71,-1.1488254928935,-1.32904413121345,-0.976756030274157,"McCollum (D MN-4)"
"McCotter","Thaddeus","MI","11","R","M","M001147","20332",56,0.58143828646105,0.445376977399791,0.693979072434714,"McCotter (R MI-11)"
"McDermott","Jim","WA","7","D","M","M000404","15616",31,-1.48900146038976,-1.74516709370625,-1.27248056342776,"McDermott (D WA-7)"
"McGovern","Jim","MA","3","D","M","M000312","29729",5,-1.6267894855764,-1.88968543854026,-1.36370698991953,"McGovern (D MA-3)"
"McHenry","Patrick","NC","10","R","M","M001156","20522",15,1.33263791975477,1.12825756030422,1.5197381243214,"McHenry (R NC-10)"
"McIntyre","Mike","NC","7","D","M","M000485","29746",24,-0.261781911051515,-0.354859386658548,-0.170768516650322,"McIntyre (D NC-7)"
"McKeon","Howard","CA","25","R","M","M000508","29315",8,0.708400149314761,0.591681053777735,0.835076926590663,"McKeon (R CA-25)"
"McKinley","David","WV","1","R","M","M001180",NA,13,0.50284807997771,0.373404319425708,0.603035057566886,"McKinley (R WV-1)"
"McMorris Rodgers","Cathy","WA","5","R","F","M001159","20535",18,0.845487464374578,0.709118996945256,0.975067652520765,"McMorris Rodgers (R WA-5)"
"McNerney","Jerry","CA","11","D","M","M001166","20702",9,-0.948909361333805,-1.09321619944503,-0.801315915879629,"McNerney (D CA-11)"
"Meehan","Pat","PA","7","R","M","M001181",NA,7,0.35274728262702,0.246106848859699,0.455119394372621,"Meehan (R PA-7)"
"Meeks","Gregory","NY","6","D","M","M001137","29776",79,-1.09267215817467,-1.27206320260676,-0.931019588685667,"Meeks (D NY-6)"
"Mica","John","FL","7","R","M","M000689","29331",6,0.962315310621387,0.81710278467915,1.10014656947496,"Mica (R FL-7)"
"Michaud","Michael","ME","2","D","M","M001149","20328",8,-0.77457178635901,-0.906583908574219,-0.654082772032535,"Michaud (D ME-2)"
"Miller","George","CA","7","D","M","M000725","14256",24,-1.34617885327628,-1.55080826918136,-1.14270041616698,"Miller (D CA-7)"
"Miller","Brad","NC","13","D","M","M001154","20341",10,-0.948190229639889,-1.08944060623987,-0.809605516932599,"Miller (D NC-13)"
"Miller","Gary","CA","42","R","M","M001139","29905",16,1.18638557604257,1.00626047814649,1.34569075410673,"Miller (R CA-42)"
"Miller","Jeff","FL","1","R","M","M001144","20110",6,1.26932802231992,1.0850502408861,1.4643516181156,"Miller (R FL-1)"
"Miller","Candice","MI","10","R","F","M001150","20331",4,0.667447380027239,0.545644841440735,0.783664082060471,"Miller (R MI-10)"
"Moore","Gwen","WI","4","D","F","M001160","20537",35,-1.40043859151113,-1.62868165431869,-1.18597516110458,"Moore (D WI-4)"
"Moran","James","VA","8","D","M","M000933","15826",23,-1.11634696832523,-1.27990748146683,-0.947249279460861,"Moran (D VA-8)"
"Mulvaney","Mick","SC","5","R","M","M001182",NA,11,1.15956411738216,0.994723847461475,1.31559750177908,"Mulvaney (R SC-5)"
"Murphy","Christopher","CT","5","D","M","M001169","20707",11,-0.842071433051841,-0.973937409209344,-0.710335860164291,"Murphy (D CT-5)"
"Murphy","Tim","PA","18","R","M","M001151","20346",9,0.648966325709647,0.523591601689249,0.762604638807601,"Murphy (R PA-18)"
"Myrick","Sue","NC","9","R","F","M001134","29549",48,0.931249242962727,0.781335138432358,1.07025336376615,"Myrick (R NC-9)"
"Nadler","Jerrold","NY","8","D","M","N000002","29377",31,-1.60692415148428,-1.86561043473051,-1.35331011538719,"Nadler (D NY-8)"
"Napolitano","Grace","CA","38","D","F","N000179","29903",27,-1.61462062541138,-1.89435810763854,-1.36431598470199,"Napolitano (D CA-38)"
"Neal","Richard","MA","2","D","M","N000015","15618",67,-1.42255028704648,-1.65101989816198,-1.21346936412341,"Neal (D MA-2)"
"Neugebauer","Randy","TX","19","R","M","N000182","20353",11,1.25168930174109,1.06214551529852,1.43217911228501,"Neugebauer (R TX-19)"
"Noem","Kristi","SD","1","R","F","N000184",NA,7,0.67925647302436,0.551661788083604,0.798479545734614,"Noem (R SD-1)"
"Nugent","Richard","FL","5","R","M","N000185",NA,9,0.970294756724044,0.823547181509568,1.11640483000311,"Nugent (R FL-5)"
"Nunes","Devin","CA","21","R","M","N000181","20307",13,1.00219497661638,0.858279429363628,1.14508623519759,"Nunes (R CA-21)"
"Nunnelee","Alan","MS","1","R","M","N000186",NA,17,0.828793361866379,0.691853171905107,0.957736459039976,"Nunnelee (R MS-1)"
"Olson","Pete","TX","22","R","M","O000168",NA,9,0.844558516469139,0.712767902173343,0.978142253235656,"Olson (R TX-22)"
"Olver","John","MA","1","D","M","O000085","15844",97,-1.66175790888557,-1.94581749584525,-1.38316509238393,"Olver (D MA-1)"
"Owens","Bill","NY","23","D","M","O000169",NA,15,-0.330045019951794,-0.425615252318101,-0.235120731635044,"Owens (D NY-23)"
"Palazzo","Steven","MS","4","R","M","P000601",NA,10,0.795003850742165,0.666900230926432,0.921223642434061,"Palazzo (R MS-4)"
"Pallone","Frank","NJ","6","D","M","P000034","15619",6,-1.67369771451092,-1.95522632615723,-1.43155086249545,"Pallone (D NJ-6)"
"Pascrell Jr.","Bill","NJ","8","D","M","P000096","29741",23,-0.978969014038443,-1.12724065561797,-0.830138588251933,"Pascrell Jr. (D NJ-8)"
"Pastor","Ed","AZ","4","D","M","P000099","15846",16,-0.89682966769212,-1.0300666320326,-0.759279636297021,"Pastor (D AZ-4)"
"Paul","Ron","TX","14","R","M","P000583","14290",104,0.532906623446468,0.419850934632483,0.641191382994928,"Paul (R TX-14)"
"Paulsen","Erik","MN","3","R","M","P000594",NA,16,0.678164529130796,0.555030488429565,0.795868346984289,"Paulsen (R MN-3)"
"Payne","Donald","NJ","10","D","M","P000149","15622",73,-1.63547577461952,-1.90637093837749,-1.38893648965525,"Payne (D NJ-10)"
"Pearce","Steve","NM","2","R","M","P000588","20337",23,0.955547485611954,0.813882685830523,1.09658078663439,"Pearce (R NM-2)"
"Pelosi","Nancy","CA","8","D","F","P000197","15447",61,-1.37234125365295,-1.59143633703557,-1.14954577910547,"Pelosi (D CA-8)"
"Pence","Mike","IN","6","R","M","P000587","20117",24,1.30653069068421,1.10490107968741,1.48803646183071,"Pence (R IN-6)"
"Perlmutter","Ed","CO","7","D","M","P000593","20705",17,-0.669538301254392,-0.789646183293334,-0.562257607194697,"Perlmutter (D CO-7)"
"Peters","Gary","MI","9","D","M","P000595",NA,49,-0.617119078349088,-0.726497928828787,-0.506388227621557,"Peters (D MI-9)"
"Peterson","Collin","MN","7","D","M","P000258","15830",9,-0.134483006108892,-0.23135837545768,-0.0500334441494643,"Peterson (D MN-7)"
"Petri","Tom","WI","6","R","M","P000265","14675",7,0.678734419843553,0.555123277227136,0.792448949168701,"Petri (R WI-6)"
"Pingree","Chellie","ME","1","D","F","P000597",NA,38,-1.25432454193214,-1.46182934029426,-1.07413197127733,"Pingree (D ME-1)"
"Pitts","Joe","PA","16","R","M","P000373","29752",8,0.978562453310656,0.843736350080171,1.11967879947356,"Pitts (R PA-16)"
"Platts","Todd","PA","19","R","M","P000585","20135",12,0.401337556394317,0.28966299517816,0.503104601840442,"Platts (R PA-19)"
"Poe","Ted","TX","2","R","M","P000592","20528",13,0.968203065567516,0.818840611662551,1.10623959177386,"Poe (R TX-2)"
"Polis","Jared","CO","2","D","M","P000598",NA,20,-0.902399645144128,-1.0321470730354,-0.760791368712618,"Polis (D CO-2)"
"Pompeo","Mike","KS","4","R","M","P000602",NA,10,1.44297402863322,1.21990154524756,1.67096589084809,"Pompeo (R KS-4)"
"Posey","Bill","FL","15","R","M","P000599",NA,10,0.825965183976244,0.691970031499583,0.952489212557092,"Posey (R FL-15)"
"Price","David","NC","4","D","M","P000523","15437",7,-1.17506436272077,-1.35083225542629,-0.993610520958107,"Price (D NC-4)"
"Price","Tom","GA","6","R","M","P000591","20505",7,1.29382557824778,1.10168044207949,1.47856573422558,"Price (R GA-6)"
"Quayle","Ben","AZ","3","R","M","Q000024",NA,65,1.25331731461014,1.0546204863585,1.4322587918052,"Quayle (R AZ-3)"
"Quigley","Mike","IL","5","D","M","Q000023",NA,14,-0.897177218793688,-1.03356097513896,-0.764944379155924,"Quigley (D IL-5)"
"Rahall II","Nick","WV","3","D","M","R000011","14448",7,-0.402860772311011,-0.506053681899462,-0.310384245634452,"Rahall II (D WV-3)"
"Rangel","Charles","NY","15","D","M","R000053","13035",91,-1.35902642082461,-1.56438433421662,-1.15794982289448,"Rangel (D NY-15)"
"Reed","Tom","NY","29","R","M","R000585",NA,14,0.62087590574793,0.496915838028667,0.734556268527104,"Reed (R NY-29)"
"Rehberg","Denny","MT","1","R","M","R000571","20125",8,0.606906158400794,0.488158955051861,0.723619305163484,"Rehberg (R MT-1)"
"Reichert","Dave","WA","8","R","M","R000578","20536",35,0.236015930046585,0.136074123262616,0.329388773595683,"Reichert (R WA-8)"
"Renacci","Jim","OH","16","R","M","R000586",NA,5,0.731918745615799,0.597414894906255,0.847833745580573,"Renacci (R OH-16)"
"Reyes","Silvestre","TX","16","D","M","R000170","29764",22,-0.701156990244578,-0.815588947068951,-0.575148070824985,"Reyes (D TX-16)"
"Ribble","Reid","WI","8","R","M","R000587",NA,23,0.985997490355786,0.838331101885571,1.1241473977663,"Ribble (R WI-8)"
"Richardson","Laura","CA","37","D","F","R000581","20572",20,-0.767220506624374,-0.888286058675719,-0.644207592559941,"Richardson (D CA-37)"
"Richmond","Cedric","LA","2","D","M","R000588",NA,20,-0.827581085541503,-0.955370854805246,-0.698613545947291,"Richmond (D LA-2)"
"Rigell","Scott","VA","2","R","M","R000589",NA,6,0.697171093756956,0.570434933902632,0.813694696345093,"Rigell (R VA-2)"
"Rivera","David","FL","25","R","M","R000590",NA,5,0.560511297375017,0.43947141797227,0.670585425845594,"Rivera (R FL-25)"
"Roby","Martha","AL","2","R","F","R000591",NA,6,0.721015862309057,0.588905134828972,0.842032397902413,"Roby (R AL-2)"
"Roe","Phil","TN","1","R","M","R000582",NA,8,0.885243798835554,0.744031026611621,1.01209903487741,"Roe (R TN-1)"
"Rogers","Mike","AL","3","R","M","R000575","20301",11,0.62284960596387,0.504323025511043,0.745135263353068,"Rogers (R AL-3)"
"Rogers","Harold","KY","5","R","M","R000395","14854",9,0.647454522615828,0.527044127164763,0.770517657587568,"Rogers (R KY-5)"
"Rogers","Mike","MI","8","R","M","R000572","20120",14,0.801165971837242,0.671582819151193,0.934134253368258,"Rogers (R MI-8)"
"Rohrabacher","Dana","CA","46","R","M","R000409","15624",21,0.865971327237413,0.732999090404515,0.982899217784769,"Rohrabacher (R CA-46)"
"Rokita","Todd","IN","4","R","M","R000592",NA,62,1.14128884579966,0.97598183989718,1.32334747110659,"Rokita (R IN-4)"
"Rooney","Tom","FL","16","R","M","R000583",NA,9,0.906657258344844,0.77552386291035,1.04989600437431,"Rooney (R FL-16)"
"Ros-Lehtinen","Ileana","FL","18","R","F","R000435","15637",15,0.398011208757336,0.28300271882985,0.500277211221286,"Ros-Lehtinen (R FL-18)"
"Roskam","Peter","IL","6","R","M","R000580","20715",19,0.810846600972277,0.682932337863981,0.92877894344701,"Roskam (R IL-6)"
"Ross","Mike","AR","4","D","M","R000573","20102",14,-0.107380032487527,-0.201049047996955,-0.0153257074908143,"Ross (D AR-4)"
"Ross","Dennis","FL","12","R","M","R000593",NA,6,1.1807359029402,1.02610034205531,1.34867352993181,"Ross (R FL-12)"
"Rothman","Steven","NJ","9","D","M","R000462","29742",17,-0.996983544601143,-1.14073681807399,-0.830896684709477,"Rothman (D NJ-9)"
"Roybal-Allard","Lucille","CA","34","D","F","R000486","29317",13,-1.50523666257982,-1.73769109070233,-1.26419990944871,"Roybal-Allard (D CA-34)"
"Royce","Ed","CA","40","R","M","R000487","29321",8,1.16586785283602,1.01207494335724,1.34287799989824,"Royce (R CA-40)"
"Runyan","Jon","NJ","3","R","M","R000594",NA,10,0.513388166787115,0.391178619148984,0.622399292648205,"Runyan (R NJ-3)"
"Ruppersberger","C.A. Dutch","MD","2","D","M","R000576","20329",16,-0.725445112075781,-0.842493115542345,-0.604871871614391,"Ruppersberger (D MD-2)"
"Rush","Bobby","IL","1","D","M","R000515","29346",78,-1.37648545922105,-1.59566565128048,-1.14957077690339,"Rush (D IL-1)"
"Ryan","Tim","OH","17","D","M","R000577","20343",14,-0.95432259071815,-1.09571508903272,-0.802345846674034,"Ryan (D OH-17)"
"Ryan","Paul","WI","1","R","M","R000570","29939",6,1.01523614313008,0.875406174093188,1.15482882975375,"Ryan (R WI-1)"
"Sanchez","Linda","CA","39","D","F","S001156","20310",29,-1.75738115523675,-2.04380229130464,-1.46376518219116,"Sanchez (D CA-39)"
"Sanchez","Loretta","CA","47","D","F","S000030","29709",61,-0.981165461231851,-1.11946310055379,-0.822813970821445,"Sanchez (D CA-47)"
"Sarbanes","John","MD","3","D","M","S001168","20724",6,-1.40347906243429,-1.63082572072215,-1.20067021517003,"Sarbanes (D MD-3)"
"Scalise","Steve","LA","1","R","M","S001176",NA,5,1.17454584251032,1.00375757094874,1.33554190047043,"Scalise (R LA-1)"
"Schakowsky","Jan","IL","9","D","F","S001145","29911",18,-1.64740755380791,-1.88788178788427,-1.37248885843283,"Schakowsky (D IL-9)"
"Schiff","Adam","CA","29","D","M","S001150","20104",5,-0.964341023421648,-1.10216767562931,-0.812515645008078,"Schiff (D CA-29)"
"Schilling","Bobby","IL","17","R","M","S001182",NA,6,0.616862719327312,0.498761037183515,0.735270113928783,"Schilling (R IL-17)"
"Schmidt","Jean","OH","2","R","F","S001164","20540",6,0.787437509517878,0.657577199256927,0.901700535572078,"Schmidt (R OH-2)"
"Schock","Aaron","IL","18","R","M","S001179",NA,40,0.566106231946221,0.455483247347753,0.689669870394532,"Schock (R IL-18)"
"Schrader","Kurt","OR","5","D","M","S001180",NA,38,-0.467620412043647,-0.576529904724404,-0.37398741391083,"Schrader (D OR-5)"
"Schwartz","Allyson","PA","13","D","F","S001162","20525",50,-0.913236000435676,-1.06297203277392,-0.778567988176757,"Schwartz (D PA-13)"
"Schweikert","David","AZ","5","R","M","S001183",NA,9,1.09145940811975,0.939059724502552,1.24750725393829,"Schweikert (R AZ-5)"
"Scott","David","GA","13","D","M","S001157","20321",13,-0.846071992430674,-0.975481866657198,-0.706636452605563,"Scott (D GA-13)"
"Scott","Robert","VA","3","D","M","S000185","39307",9,-0.995004001339616,-1.14921654188228,-0.841431793688896,"Scott (D VA-3)"
"Scott","Austin","GA","8","R","M","S001189",NA,18,1.1332230862145,0.975894724935487,1.29246396352717,"Scott (R GA-8)"
"Scott","Tim","SC","1","R","M","S001184",NA,9,1.3852481563246,1.1914699502497,1.61380058541575,"Scott (R SC-1)"
"Sensenbrenner","F.","WI","5","R","M","S000244","14657",7,0.933445551667953,0.792992067143388,1.06169047932134,"Sensenbrenner (R WI-5)"
"Serrano","José","NY","16","D","M","S000248","15643",9,-1.53587748467994,-1.79677516373093,-1.29388292135477,"Serrano (D NY-16)"
"Sessions","Pete","TX","32","R","M","S000250","29759",15,1.46904722012245,1.23532948530345,1.69796747795042,"Sessions (R TX-32)"
"Sewell","Terri","AL","7","D","F","S001185",NA,17,-0.806652091997917,-0.931433621570732,-0.676831917817772,"Sewell (D AL-7)"
"Sherman","Brad","CA","27","D","M","S000344","29707",6,-1.03596405499899,-1.19132910607687,-0.877418250007295,"Sherman (D CA-27)"
"Shimkus","John","IL","19","R","M","S000364","29718",16,0.556051857540165,0.43713180138661,0.66729222398254,"Shimkus (R IL-19)"
"Shuler","Heath","NC","11","D","M","S001171","20737",33,-0.194383830781772,-0.294927781677686,-0.110027070240584,"Shuler (D NC-11)"
"Shuster","Bill","PA","9","R","M","S001154","14052",21,0.67053071462611,0.534478594680397,0.785976870217201,"Shuster (R PA-9)"
"Simpson","Mike","ID","2","R","M","S001148","29910",14,0.514444258590385,0.399603328409502,0.625021149079244,"Simpson (R ID-2)"
"Sires","Albio","NJ","13","D","M","S001165","20542",13,-0.955953008793832,-1.09048393378567,-0.802841877998563,"Sires (D NJ-13)"
"Slaughter","Louise","NY","28","D","F","S000480","15443",64,-1.43019143614126,-1.67210336172045,-1.22095757836747,"Slaughter (D NY-28)"
"Smith","Adam","WA","9","D","M","S000510","29768",33,-0.679529880028763,-0.793617232912414,-0.559073845426668,"Smith (D WA-9)"
"Smith","Adrian","NE","3","R","M","S001172","20729",12,0.924383562297161,0.791129120516675,1.06077570933093,"Smith (R NE-3)"
"Smith","Christopher","NJ","4","R","M","S000522","14863",15,0.289876454244901,0.184054034236972,0.379954176994466,"Smith (R NJ-4)"
"Smith","Lamar","TX","21","R","M","S000583","15444",16,0.719645278817528,0.591422846423102,0.840269659510308,"Smith (R TX-21)"
"Southerland","Steve","FL","2","R","M","S001186",NA,5,1.16724858227504,1.00140950204556,1.32803550102525,"Southerland (R FL-2)"
"Speier","Jackie","CA","12","D","F","S001175",NA,58,-0.999202458652027,-1.14169832195808,-0.84556453415291,"Speier (D CA-12)"
"Stark","Pete","CA","13","D","M","S000810","14053",45,-1.34926681050415,-1.57076535270303,-1.14594026549231,"Stark (D CA-13)"
"Stearns","Cliff","FL","6","R","M","S000822","15630",9,1.04308959599286,0.887263386870581,1.18255627355335,"Stearns (R FL-6)"
"Stivers","Steve","OH","15","R","M","S001187",NA,88,0.482314258601458,0.359879458672516,0.588273293566375,"Stivers (R OH-15)"
"Stutzman","Marlin","IN","3","R","M","S001188",NA,19,1.40077052023113,1.17657745721353,1.6138357741648,"Stutzman (R IN-3)"
"Sullivan","John","OK","1","R","M","S001155","20131",40,0.850464288475611,0.710938190671715,0.976881860830055,"Sullivan (R OK-1)"
"Sutton","Betty","OH","13","D","F","S001174","20740",17,-1.04543208627148,-1.20057015467788,-0.877616527527507,"Sutton (D OH-13)"
"Terry","Lee","NE","2","R","M","T000459","29921",9,0.700399299424135,0.581798466695465,0.819449062787241,"Terry (R NE-2)"
"Thompson","Mike","CA","1","D","M","T000460","29901",9,-0.993921487160819,-1.13518218786037,-0.839567159660702,"Thompson (D CA-1)"
"Thompson","Bennie","MS","2","D","M","T000193","29368",13,-0.945621742821703,-1.09267847396811,-0.804152205796617,"Thompson (D MS-2)"
"Thompson","Glenn","PA","5","R","M","T000467",NA,5,0.611413940592317,0.487390902792673,0.725705601789638,"Thompson (R PA-5)"
"Thornberry","William","TX","13","R","M","T000238","29572",5,0.963577726944588,0.821249073504813,1.09666969287333,"Thornberry (R TX-13)"
"Tiberi","Pat","OH","12","R","M","T000462","20130",20,0.564837591354021,0.442006755711012,0.679522704607861,"Tiberi (R OH-12)"
"Tierney","John","MA","6","D","M","T000266","29730",34,-1.37669322118096,-1.59193976473227,-1.17318664047108,"Tierney (D MA-6)"
"Tipton","Scott","CO","3","R","M","T000470",NA,5,0.768358630136861,0.627828564384956,0.885798110551254,"Tipton (R CO-3)"
"Tonko","Paul","NY","21","D","M","T000469",NA,7,-1.38109135590783,-1.59992442427382,-1.17356693257237,"Tonko (D NY-21)"
"Towns","Edolphus","NY","10","D","M","T000326","15072",46,-1.80337640142192,-2.10509586965702,-1.52341914965389,"Towns (D NY-10)"
"Tsongas","Niki","MA","5","D","F","T000465","20754",38,-1.08472232764076,-1.25147438405663,-0.918715748460822,"Tsongas (D MA-5)"
"Turner","Michael","OH","3","R","M","T000463","20342",7,0.472756331672457,0.359091204648414,0.588214784449021,"Turner (R OH-3)"
"Upton","Fred","MI","6","R","M","U000031","15445",4,0.56192639932701,0.444781024633798,0.676625769913723,"Upton (R MI-6)"
"Van Hollen","Chris","MD","8","D","M","V000128","20330",18,-1.14322499032207,-1.3192376638573,-0.963148815267256,"Van Hollen (D MD-8)"
"Velázquez","Nydia","NY","12","D","F","V000081","29378",11,-1.5440740949556,-1.79443656347307,-1.3123240788424,"Velázquez (D NY-12)"
"Visclosky","Peter","IN","1","D","M","V000108","15240",18,-0.693678901908849,-0.810475568628969,-0.579205716786163,"Visclosky (D IN-1)"
"Walberg","Tim","MI","7","R","M","W000798","20725",12,1.08014099817561,0.935004623360501,1.23245810134064,"Walberg (R MI-7)"
"Walden","Greg","OR","2","R","M","W000791","29932",11,0.553834761784302,0.433025857158047,0.672143538228837,"Walden (R OR-2)"
"Walsh","Joe","IL","8","R","M","W000811",NA,10,1.01639116764904,0.866159436242108,1.15066480199435,"Walsh (R IL-8)"
"Walz","Tim","MN","1","D","M","W000799","20726",19,-0.770191796921443,-0.883717820752783,-0.638388316174817,"Walz (D MN-1)"
"Wasserman Schultz","Debbie","FL","20","D","F","W000797","20504",37,-1.10826001133627,-1.27463501684792,-0.946666784509968,"Wasserman Schultz (D FL-20)"
"Waters","Maxine","CA","35","D","F","W000187","15840",62,-1.14659480391734,-1.31696148796207,-0.976176752055688,"Waters (D CA-35)"
"Watt","Melvin","NC","12","D","M","W000207","29383",28,-1.19107475241282,-1.37030539168579,-1.01328286690283,"Watt (D NC-12)"
"Waxman","Henry","CA","30","D","M","W000215","14280",18,-1.34054062223297,-1.54490779387036,-1.14200090383307,"Waxman (D CA-30)"
"Webster","Daniel","FL","8","R","M","W000806",NA,8,0.895919246403575,0.752071538810753,1.02123182284163,"Webster (R FL-8)"
"Weiner","Anthony","NY","9","D","M","W000792","29926",293,-1.18321461757939,-1.39905124810846,-0.983205358086336,"Weiner (D NY-9)"
"Welch","Peter","VT","1","D","M","W000800","20750",15,-1.10650652848242,-1.27262470289391,-0.950100667083205,"Welch (D VT-1)"
"West","Allen","FL","22","R","M","W000807",NA,6,0.802876942019477,0.676978895054544,0.934499116590144,"West (R FL-22)"
"Westmoreland","Lynn","GA","3","R","M","W000796","20506",16,1.1855998111927,1.01178123213759,1.35160365504848,"Westmoreland (R GA-3)"
"Whitfield","Edward","KY","1","R","M","W000413","29525",24,0.597539863478611,0.480646467905701,0.719341960377432,"Whitfield (R KY-1)"
"Wilson","Frederica","FL","17","D","F","W000808",NA,48,-1.25371362595765,-1.45151075345603,-1.058397656249,"Wilson (D FL-17)"
"Wilson","Joe","SC","2","R","M","W000795","20138",22,1.31951756160322,1.1142441219713,1.50563589270054,"Wilson (R SC-2)"
"Wittman","Robert","VA","1","R","M","W000804","99997",24,0.603927697334665,0.481602175833857,0.72302891217942,"Wittman (R VA-1)"
"Wolf","Frank","VA","10","R","M","W000672","14869",9,0.455822179517297,0.341067388856931,0.557108518502182,"Wolf (R VA-10)"
"Womack","Steve","AR","3","R","M","W000809",NA,4,0.70506369468072,0.589446824396277,0.835056146585689,"Womack (R AR-3)"
"Woodall","Rob","GA","7","R","M","W000810",NA,8,1.14595344281396,0.977843271257849,1.30141417118315,"Woodall (R GA-7)"
"Woolsey","Lynn","CA","6","D","F","W000738","29309",12,-1.55382313273733,-1.79523752629366,-1.32519039717843,"Woolsey (D CA-6)"
"Wu","David","OR","1","D","M","W000793","29931",19,-0.99939202559456,-1.15259875417673,-0.859964700738936,"Wu (D OR-1)"
"Yarmuth","John","KY","3","D","M","Y000062","20723",13,-1.23002194896831,-1.42374611741699,-1.06122456773803,"Yarmuth (D KY-3)"
"Yoder","Kevin","KS","3","R","M","Y000063",NA,5,1.06429820284747,0.900851202739121,1.20229965712894,"Yoder (R KS-3)"
"Young","Don","AK","1","R","M","Y000033","14066",103,0.580760956706777,0.465067682243819,0.700104750470625,"Young (R AK-1)"
"Young","C. W. Bill","FL","10","R","M","Y000031","13047",64,0.473634611489585,0.355081424515127,0.583961823890267,"Young (R FL-10)"
"Young","Todd","IN","9","R","M","Y000064",NA,6,1.10497302802634,0.94890740809476,1.25452861034448,"Young (R IN-9)"
